Fecha;Hora;Magnitud;Latitud;Longitud;Profundidad;localizacion;Estado
13/08/2022;12:08:53 a. m.;3.30;17.06;-99.00;45.00;SAN MARCOS;GRO
13/08/2022;12:10:28 a. m.;3.70;15.45;-94.74;15.00;SALINA CRUZ;OAX
13/08/2022;01:16:45 a. m.;3.60;15.46;-94.66;17.00;SALINA CRUZ;OAX
13/08/2022;01:19:49 a. m.;3.60;16.08;-95.44;12.00;SALINA CRUZ;OAX
13/08/2022;01:38:04 a. m.;3.20;31.50;-115.52;20.00;SAN FELIPE;BC
13/08/2022;01:38:51 a. m.;3.20;31.50;-115.54;20.00;SAN FELIPE;BC
13/08/2022;01:42:54 a. m.;3.50;16.64;-93.66;143.00;CINTALAPA;CHIS
13/08/2022;01:59:54 a. m.;3.40;17.11;-100.87;4.00;TECPAN;GRO
13/08/2022;02:29:55 a. m.;3.00;16.20;-97.54;11.00;RIO GRANDE;OAX
13/08/2022;02:35:45 a. m.;3.80;15.67;-96.77;17.00;S PEDRO POCHUTLA;OAX
13/08/2022;02:48:16 a. m.;3.30;16.02;-97.12;25.00;PUERTO ESCONDIDO;OAX
13/08/2022;02:55:17 a. m.;3.50;16.99;-99.87;13.00;ACAPULCO;GRO
13/08/2022;03:12:35 a. m.;3.50;16.92;-100.03;5.00;COYUCA DE BENITEZ;GRO
13/08/2022;03:41:31 a. m.;3.80;15.38;-94.73;16.00;SALINA CRUZ;OAX
13/08/2022;03:50:14 a. m.;3.50;16.63;-99.09;13.00;SAN MARCOS;GRO
13/08/2022;03:54:45 a. m.;3.40;16.03;-97.67;15.00;RIO GRANDE;OAX
13/08/2022;04:08:32 a. m.;3.70;17.19;-95.19;110.00;MATIAS ROMERO;OAX
13/08/2022;04:33:50 a. m.;3.30;16.89;-99.98;5.00;ACAPULCO;GRO
13/08/2022;04:35:36 a. m.;3.20;16.12;-97.21;36.00;RIO GRANDE;OAX
13/08/2022;04:47:15 a. m.;3.40;32.50;-115.14;10.00;GPE VICTORIA(KM.43);BC
13/08/2022;04:49:47 a. m.;3.00;32.44;-115.30;5.00;GPE VICTORIA(KM.43);BC
13/08/2022;05:23:57 a. m.;3.20;16.16;-97.55;17.00;RIO GRANDE;OAX
13/08/2022;05:29:57 a. m.;3.60;31.57;-117.19;17.00;RODOLFO SANCHEZ T(MRO);BC
13/08/2022;05:31:02 a. m.;4.00;17.49;-94.95;137.00;SAYULA DE ALEMAN;VER
13/08/2022;07:03:18 a. m.;3.90;16.86;-100.01;2.00;ACAPULCO;GRO
13/08/2022;07:06:57 a. m.;3.40;17.13;-100.03;31.00;COYUCA DE BENITEZ;GRO
13/08/2022;07:13:03 a. m.;3.10;17.01;-100.04;36.00;COYUCA DE BENITEZ;GRO
13/08/2022;07:24:06 a. m.;3.90;17.08;-95.22;51.00;MATIAS ROMERO;OAX
13/08/2022;07:24:34 a. m.;3.50;17.17;-100.03;29.00;COYUCA DE BENITEZ;GRO
13/08/2022;07:37:28 a. m.;3.90;15.17;-94.82;22.00;SALINA CRUZ;OAX
13/08/2022;08:00:20 a. m.;1.90;22.79;-102.60;4.00;ZACATECAS;ZAC
13/08/2022;08:00:31 a. m.;3.30;17.20;-100.02;22.00;COYUCA DE BENITEZ;GRO
13/08/2022;08:28:28 a. m.;3.50;16.16;-97.62;14.00;RIO GRANDE;OAX
13/08/2022;08:31:48 a. m.;3.10;19.69;-104.09;54.00;EL GRULLO;JAL
13/08/2022;08:37:47 a. m.;3.10;17.72;-98.30;61.00;TLAPA;GRO
13/08/2022;09:43:09 a. m.;3.80;17.00;-94.83;125.00;MATIAS ROMERO;OAX
13/08/2022;09:54:43 a. m.;3.60;18.13;-103.27;10.00;COALCOMAN;MICH
13/08/2022;10:31:11 a. m.;3.40;31.17;-115.87;20.00;VICENTE GUERRERO;BC
13/08/2022;10:52:24 a. m.;4.00;16.77;-94.47;120.00;UNION HIDALGO;OAX
13/08/2022;11:36:21 a. m.;3.60;17.43;-97.48;3.00;H TLAXIACO;OAX
13/08/2022;11:45:48 a. m.;3.60;16.38;-98.23;19.00;PINOTEPA NACIONAL;OAX
13/08/2022;11:58:52 a. m.;3.40;27.52;-111.53;8.00;SANTA ROSALIA;BCS
13/08/2022;12:14:56 p. m.;3.90;14.96;-94.21;16.00;TONALA;CHIS
13/08/2022;02:16:52 p. m.;3.80;17.59;-94.78;6.00;SAYULA DE ALEMAN;VER
13/08/2022;02:25:27 p. m.;3.80;14.88;-92.64;81.00;HUIXTLA;CHIS
13/08/2022;02:33:52 p. m.;3.20;17.09;-100.40;39.00;ATOYAC DE ALVAREZ;GRO
13/08/2022;02:56:34 p. m.;3.70;15.60;-96.50;16.00;S PEDRO POCHUTLA;OAX
13/08/2022;03:07:30 p. m.;3.80;17.54;-94.70;17.00;SAYULA DE ALEMAN;VER
13/08/2022;03:18:34 p. m.;3.60;15.10;-94.86;20.00;SALINA CRUZ;OAX
13/08/2022;03:25:05 p. m.;3.60;15.95;-97.75;17.00;RIO GRANDE;OAX
13/08/2022;04:30:20 p. m.;4.00;19.74;-101.09;5.00;MORELIA;MICH
13/08/2022;04:38:44 p. m.;3.50;18.53;-105.71;10.00;CIHUATLAN;JAL
13/08/2022;05:56:30 p. m.;3.90;27.53;-111.54;10.00;SANTA ROSALIA;BCS
13/08/2022;06:19:47 p. m.;3.30;18.00;-99.46;56.00;CD DE HUITZUCO;GRO
13/08/2022;06:24:09 p. m.;3.20;16.06;-97.88;13.00;PINOTEPA NACIONAL;OAX
13/08/2022;07:47:54 p. m.;3.30;16.24;-98.04;3.00;PINOTEPA NACIONAL;OAX
13/08/2022;07:52:41 p. m.;2.90;19.03;-98.68;1.00;OZUMBA;MEX
13/08/2022;08:57:26 p. m.;3.50;16.17;-98.23;10.00;PINOTEPA NACIONAL;OAX
13/08/2022;09:11:40 p. m.;3.40;16.21;-98.01;14.00;PINOTEPA NACIONAL;OAX
13/08/2022;10:50:04 p. m.;3.70;16.69;-98.86;10.00;OMETEPEC;GRO
13/08/2022;10:56:03 p. m.;3.60;20.79;-103.36;10.00;ZAPOPAN;JAL
13/08/2022;11:12:24 p. m.;3.40;17.52;-95.31;105.00;J RODRIGUEZ CLARA;VER
13/08/2022;11:13:51 p. m.;3.80;15.26;-94.69;16.00;SALINA CRUZ;OAX
13/08/2022;11:34:32 p. m.;3.80;15.20;-94.79;16.00;SALINA CRUZ;OAX
14/08/2022;12:23:12 a. m.;3.80;16.00;-94.27;71.00;ARRIAGA ;CHIS
14/08/2022;12:51:57 a. m.;3.90;15.71;-94.96;16.00;SALINA CRUZ;OAX
14/08/2022;01:13:16 a. m.;3.40;15.87;-98.21;10.00;PINOTEPA NACIONAL;OAX
14/08/2022;01:52:32 a. m.;3.10;16.54;-98.52;6.00;OMETEPEC;GRO
14/08/2022;02:57:49 a. m.;3.60;16.95;-99.07;41.00;SAN MARCOS;GRO
14/08/2022;04:17:35 a. m.;3.10;16.19;-97.29;32.00;RIO GRANDE;OAX
14/08/2022;04:21:08 a. m.;3.80;15.41;-94.71;17.00;SALINA CRUZ;OAX
14/08/2022;04:56:18 a. m.;3.50;16.38;-96.07;73.00;MIAHUATLAN;OAX
14/08/2022;05:09:01 a. m.;3.50;17.41;-100.75;8.00;TECPAN;GRO
14/08/2022;05:32:10 a. m.;3.60;16.65;-99.51;4.00;SAN MARCOS;GRO
14/08/2022;05:41:09 a. m.;3.30;19.28;-103.96;79.00;COQUIMATLAN;COL
14/08/2022;06:08:29 a. m.;3.50;19.36;-105.26;12.00;CIHUATLAN;JAL
14/08/2022;06:11:33 a. m.;3.30;19.35;-105.26;11.00;CIHUATLAN;JAL
14/08/2022;06:50:48 a. m.;3.40;19.20;-105.31;4.00;CIHUATLAN;JAL
14/08/2022;06:58:21 a. m.;3.60;17.00;-100.75;5.00;TECPAN;GRO
14/08/2022;07:28:08 a. m.;3.60;27.60;-111.60;12.00;SANTA ROSALIA;BCS
14/08/2022;07:28:39 a. m.;3.30;16.42;-98.38;3.00;OMETEPEC;GRO
14/08/2022;07:29:42 a. m.;3.70;15.80;-97.01;9.00;PUERTO ESCONDIDO;OAX
14/08/2022;07:59:44 a. m.;3.40;15.18;-93.03;93.00;MAPASTEPEC;CHIS
14/08/2022;08:01:02 a. m.;3.60;27.60;-111.64;10.00;SANTA ROSALIA;BCS
14/08/2022;08:05:51 a. m.;3.50;16.04;-95.04;18.00;SALINA CRUZ;OAX
14/08/2022;08:06:36 a. m.;3.50;18.96;-105.43;5.00;CIHUATLAN;JAL
14/08/2022;08:12:59 a. m.;3.50;18.34;-102.04;16.00;LAS GUACAMAYAS;MICH
14/08/2022;08:36:08 a. m.;3.40;18.90;-104.61;9.00;MANZANILLO;COL
14/08/2022;08:47:35 a. m.;3.70;18.39;-104.68;10.00;MANZANILLO;COL
14/08/2022;09:06:27 a. m.;3.60;16.15;-98.18;14.00;PINOTEPA NACIONAL;OAX
14/08/2022;09:35:48 a. m.;3.20;16.17;-97.55;10.00;RIO GRANDE;OAX
14/08/2022;09:57:25 a. m.;3.60;15.59;-96.17;19.00;CRUCECITA;OAX
14/08/2022;10:17:11 a. m.;2.90;17.01;-99.57;39.00;SAN MARCOS;GRO
14/08/2022;10:32:12 a. m.;3.20;16.09;-97.56;16.00;RIO GRANDE;OAX
14/08/2022;11:10:39 a. m.;1.70;22.80;-102.59;1.00;ZACATECAS;ZAC
14/08/2022;11:47:30 a. m.;3.20;16.26;-98.19;14.00;PINOTEPA NACIONAL;OAX
14/08/2022;12:28:05 p. m.;3.20;17.11;-99.66;55.00;ACAPULCO;GRO
14/08/2022;12:52:57 p. m.;3.40;32.12;-116.70;26.00;ENSENADA;BC
14/08/2022;12:56:23 p. m.;3.90;15.27;-94.94;16.00;SALINA CRUZ;OAX
14/08/2022;01:18:19 p. m.;3.50;18.13;-103.42;7.00;COALCOMAN;MICH
14/08/2022;01:32:58 p. m.;3.70;16.27;-97.46;27.00;RIO GRANDE;OAX
14/08/2022;01:36:52 p. m.;3.50;17.32;-95.04;131.00;MATIAS ROMERO;OAX
14/08/2022;01:55:09 p. m.;3.40;15.67;-96.39;30.00;S PEDRO POCHUTLA;OAX
14/08/2022;02:03:22 p. m.;3.90;16.32;-94.67;85.00;UNION HIDALGO;OAX
14/08/2022;02:24:14 p. m.;3.60;16.91;-99.76;22.00;ACAPULCO;GRO
14/08/2022;02:39:44 p. m.;3.50;20.30;-105.14;5.00;PUERTO VALLARTA;JAL
14/08/2022;03:15:31 p. m.;3.50;14.72;-92.22;110.00;CD HIDALGO;CHIS
14/08/2022;03:16:20 p. m.;3.40;16.46;-98.58;14.00;OMETEPEC;GRO
14/08/2022;03:45:20 p. m.;3.40;19.58;-104.09;6.00;EL GRULLO;JAL
14/08/2022;03:53:16 p. m.;3.40;16.74;-99.59;3.00;SAN MARCOS;GRO
14/08/2022;03:57:53 p. m.;3.90;18.02;-102.22;5.00;LAS GUACAMAYAS;MICH
14/08/2022;04:20:52 p. m.;3.50;15.41;-94.84;47.00;SALINA CRUZ;OAX
14/08/2022;04:31:43 p. m.;3.50;15.99;-93.32;127.00;VILLAFLORES;CHIS
14/08/2022;04:44:37 p. m.;3.10;16.02;-97.53;23.00;RIO GRANDE;OAX
14/08/2022;05:51:33 p. m.;3.60;17.14;-94.88;53.00;MATIAS ROMERO;OAX
14/08/2022;06:37:33 p. m.;3.30;19.35;-102.75;46.00;TEPALCATEPEC;MICH
14/08/2022;07:14:03 p. m.;3.00;16.81;-99.31;47.00;SAN MARCOS;GRO
14/08/2022;08:09:04 p. m.;3.00;16.40;-98.50;5.00;OMETEPEC;GRO
14/08/2022;08:11:24 p. m.;3.50;17.08;-94.99;129.00;MATIAS ROMERO;OAX
14/08/2022;08:59:14 p. m.;3.50;16.58;-96.13;67.00;TLACOLULA;OAX
14/08/2022;09:11:58 p. m.;3.40;16.81;-100.31;10.00;COYUCA DE BENITEZ;GRO
14/08/2022;09:24:09 p. m.;3.60;24.65;-109.13;16.00;GUASAVE;SIN
14/08/2022;09:30:56 p. m.;3.40;16.39;-98.29;18.00;PINOTEPA NACIONAL;OAX
14/08/2022;11:17:52 p. m.;3.90;15.49;-95.40;16.00;SALINA CRUZ;OAX
14/08/2022;11:30:37 p. m.;3.40;16.85;-97.71;3.00;H TLAXIACO;OAX
14/08/2022;11:40:46 p. m.;3.70;16.99;-94.81;126.00;MATIAS ROMERO;OAX
14/08/2022;11:40:59 p. m.;3.50;17.87;-99.54;55.00;ZUMPANGO DEL RIO;GRO
15/08/2022;12:08:19 a. m.;3.20;16.22;-99.83;10.00;ACAPULCO;GRO
15/08/2022;12:29:12 a. m.;3.50;18.14;-103.19;11.00;COALCOMAN;MICH
15/08/2022;12:59:00 a. m.;3.80;17.87;-105.92;10.00;CIHUATLAN;JAL
15/08/2022;12:59:30 a. m.;3.00;16.74;-97.61;9.00;H TLAXIACO;OAX
15/08/2022;01:12:34 a. m.;3.60;16.23;-98.25;14.00;PINOTEPA NACIONAL;OAX
15/08/2022;01:13:12 a. m.;3.70;14.35;-93.16;12.00;HUIXTLA;CHIS
15/08/2022;01:43:48 a. m.;3.50;16.43;-97.97;24.00;PINOTEPA NACIONAL;OAX
15/08/2022;01:44:49 a. m.;3.30;16.02;-97.55;15.00;RIO GRANDE;OAX
15/08/2022;01:55:51 a. m.;3.50;22.78;-102.57;2.00;ZACATECAS;ZAC
15/08/2022;02:01:48 a. m.;3.70;15.56;-95.69;10.00;CRUCECITA;OAX
15/08/2022;02:13:20 a. m.;3.40;18.40;-103.22;10.00;COALCOMAN;MICH
15/08/2022;02:17:27 a. m.;3.60;19.05;-104.61;10.00;CIHUATLAN;JAL
15/08/2022;02:35:02 a. m.;1.50;22.80;-102.59;5.00;ZACATECAS;ZAC
15/08/2022;02:50:55 a. m.;3.60;17.07;-94.80;127.00;MATIAS ROMERO;OAX
15/08/2022;03:13:06 a. m.;3.80;16.86;-94.84;111.00;MATIAS ROMERO;OAX
15/08/2022;04:34:33 a. m.;3.50;16.55;-98.48;7.00;OMETEPEC;GRO
15/08/2022;04:39:12 a. m.;3.30;17.03;-99.55;29.00;SAN MARCOS;GRO
15/08/2022;04:41:00 a. m.;3.20;16.81;-99.62;10.00;SAN MARCOS;GRO
15/08/2022;04:48:13 a. m.;3.90;25.33;-106.79;7.00;CULIACAN;SIN
15/08/2022;04:51:38 a. m.;3.50;17.65;-99.63;4.00;ZUMPANGO DEL RIO;GRO
15/08/2022;04:53:22 a. m.;3.60;16.18;-99.10;16.00;SAN MARCOS;GRO
15/08/2022;05:11:33 a. m.;3.80;14.20;-92.69;30.00;CD HIDALGO;CHIS
15/08/2022;05:19:44 a. m.;3.90;16.76;-94.09;127.00;CINTALAPA;CHIS
15/08/2022;05:56:07 a. m.;4.00;16.96;-93.80;177.00;CINTALAPA;CHIS
15/08/2022;06:40:19 a. m.;3.80;16.79;-98.95;29.00;SAN MARCOS;GRO
15/08/2022;06:56:02 a. m.;3.30;16.18;-98.37;7.00;PINOTEPA NACIONAL;OAX
15/08/2022;08:00:24 a. m.;3.20;19.18;-104.09;10.00;MANZANILLO;COL
15/08/2022;08:12:15 a. m.;3.70;19.16;-104.82;4.00;CIHUATLAN;JAL
15/08/2022;08:44:53 a. m.;3.70;15.83;-93.61;97.00;TONALA;CHIS
15/08/2022;08:50:23 a. m.;2.90;16.57;-99.34;8.00;SAN MARCOS;GRO
15/08/2022;09:44:48 a. m.;3.70;16.71;-99.65;3.00;SAN MARCOS;GRO
15/08/2022;09:56:47 a. m.;3.50;15.96;-96.99;11.00;PUERTO ESCONDIDO;OAX
15/08/2022;11:42:07 a. m.;4.00;15.77;-96.55;23.00;S PEDRO POCHUTLA;OAX
15/08/2022;11:52:24 a. m.;3.60;16.82;-99.78;5.00;ACAPULCO;GRO
15/08/2022;01:33:40 p. m.;3.40;15.58;-96.75;6.00;S PEDRO POCHUTLA;OAX
15/08/2022;01:56:44 p. m.;3.50;16.75;-99.65;5.00;SAN MARCOS;GRO
15/08/2022;01:58:05 p. m.;3.80;17.73;-102.15;5.00;CD LAZARO CARDENAS;MICH
15/08/2022;02:48:37 p. m.;3.70;16.99;-100.53;5.00;ATOYAC DE ALVAREZ;GRO
15/08/2022;03:26:49 p. m.;3.70;15.46;-98.52;17.00;PINOTEPA NACIONAL;OAX
15/08/2022;04:29:59 p. m.;3.90;15.96;-94.93;16.00;SALINA CRUZ;OAX
15/08/2022;04:34:07 p. m.;2.90;19.65;-104.33;45.00;CASIMIRO CASTILLO;JAL
15/08/2022;04:57:04 p. m.;3.10;15.99;-97.58;14.00;RIO GRANDE;OAX
15/08/2022;05:41:49 p. m.;3.90;16.07;-94.42;78.00;ARRIAGA ;CHIS
15/08/2022;06:19:29 p. m.;1.20;22.77;-102.62;2.00;ZACATECAS;ZAC
15/08/2022;07:03:27 p. m.;3.90;15.25;-94.67;16.00;SALINA CRUZ;OAX
15/08/2022;07:22:27 p. m.;3.10;19.67;-104.29;53.00;AUTLAN DE NAVARRO;JAL
15/08/2022;07:28:16 p. m.;3.40;19.80;-104.01;40.00;EL GRULLO;JAL
15/08/2022;07:57:21 p. m.;3.70;16.97;-100.06;5.00;COYUCA DE BENITEZ;GRO
15/08/2022;08:32:22 p. m.;3.30;19.78;-104.11;2.00;EL GRULLO;JAL
15/08/2022;08:59:01 p. m.;4.10;18.83;-107.18;9.00;CIHUATLAN;JAL
15/08/2022;08:59:34 p. m.;3.80;16.28;-93.32;151.00;VILLAFLORES;CHIS
15/08/2022;09:12:48 p. m.;3.30;18.35;-102.46;16.00;LA MIRA;MICH
15/08/2022;09:14:45 p. m.;3.40;16.49;-98.58;14.00;OMETEPEC;GRO
15/08/2022;09:30:16 p. m.;3.20;16.13;-95.52;45.00;SALINA CRUZ;OAX
15/08/2022;10:11:55 p. m.;3.70;15.38;-94.74;16.00;SALINA CRUZ;OAX
15/08/2022;10:21:57 p. m.;3.30;18.11;-103.26;12.00;COALCOMAN;MICH
15/08/2022;10:29:58 p. m.;3.10;16.91;-99.24;16.00;SAN MARCOS;GRO
15/08/2022;10:58:09 p. m.;3.10;16.13;-97.45;35.00;RIO GRANDE;OAX
15/08/2022;11:16:16 p. m.;3.20;16.24;-98.05;8.00;PINOTEPA NACIONAL;OAX
15/08/2022;11:19:05 p. m.;3.90;17.25;-95.41;114.00;MATIAS ROMERO;OAX
15/08/2022;11:24:31 p. m.;3.90;14.50;-93.73;10.00;MAPASTEPEC;CHIS
15/08/2022;11:26:41 p. m.;3.20;16.60;-94.98;100.00;CD IXTEPEC;OAX
15/08/2022;11:37:48 p. m.;3.30;18.17;-99.92;55.00;TELOLOAPAN;GRO
16/08/2022;12:02:54 a. m.;3.20;16.58;-98.98;9.00;SAN MARCOS;GRO
16/08/2022;12:08:06 a. m.;3.00;16.22;-98.35;2.00;PINOTEPA NACIONAL;OAX
16/08/2022;12:09:32 a. m.;3.50;16.57;-98.48;3.00;OMETEPEC;GRO
16/08/2022;12:27:42 a. m.;3.70;16.27;-95.15;21.00;S BLAS ATEMPA;OAX
16/08/2022;12:44:20 a. m.;3.70;15.99;-100.83;10.00;COYUCA DE BENITEZ;GRO
16/08/2022;01:04:47 a. m.;3.70;16.13;-95.52;24.00;SALINA CRUZ;OAX
16/08/2022;01:49:40 a. m.;3.10;16.65;-98.50;16.00;OMETEPEC;GRO
16/08/2022;02:01:00 a. m.;3.00;16.54;-98.41;5.00;OMETEPEC;GRO
16/08/2022;03:45:12 a. m.;2.80;16.72;-99.30;19.00;SAN MARCOS;GRO
16/08/2022;03:46:38 a. m.;3.40;15.17;-92.69;116.00;HUIXTLA;CHIS
16/08/2022;04:24:29 a. m.;3.60;15.96;-93.73;85.00;TONALA;CHIS
16/08/2022;04:29:38 a. m.;3.70;16.10;-97.52;13.00;RIO GRANDE;OAX
16/08/2022;04:31:53 a. m.;3.20;16.26;-97.82;7.00;PINOTEPA NACIONAL;OAX
16/08/2022;05:11:46 a. m.;3.10;16.10;-97.49;12.00;RIO GRANDE;OAX
16/08/2022;05:13:59 a. m.;4.00;16.21;-95.57;15.00;TEHUANTEPEC;OAX
16/08/2022;05:56:06 a. m.;3.50;16.87;-100.21;5.00;COYUCA DE BENITEZ;GRO
16/08/2022;06:46:58 a. m.;3.10;16.58;-99.11;21.00;SAN MARCOS;GRO
16/08/2022;06:50:55 a. m.;3.50;16.83;-100.42;4.00;COYUCA DE BENITEZ;GRO
16/08/2022;06:54:45 a. m.;3.50;18.95;-104.50;5.00;MANZANILLO;COL
16/08/2022;07:06:57 a. m.;3.70;16.26;-98.11;10.00;PINOTEPA NACIONAL;OAX
16/08/2022;07:15:50 a. m.;4.00;15.65;-95.03;19.00;SALINA CRUZ;OAX
16/08/2022;07:23:19 a. m.;3.80;17.40;-101.04;16.00;PETATLAN;GRO
16/08/2022;09:24:16 a. m.;3.20;19.28;-104.97;31.00;CIHUATLAN;JAL
16/08/2022;09:51:42 a. m.;3.50;16.58;-98.46;5.00;OMETEPEC;GRO
16/08/2022;10:18:38 a. m.;3.70;16.43;-98.20;17.00;PINOTEPA NACIONAL;OAX
16/08/2022;10:54:58 a. m.;3.70;16.38;-94.50;95.00;UNION HIDALGO;OAX
16/08/2022;11:08:40 a. m.;3.20;19.15;-103.38;5.00;TECALITLAN;JAL
16/08/2022;11:24:35 a. m.;3.80;15.96;-93.91;92.00;TONALA;CHIS
16/08/2022;11:34:41 a. m.;3.10;16.15;-97.91;5.00;PINOTEPA NACIONAL;OAX
16/08/2022;11:38:47 a. m.;4.00;28.30;-108.00;10.00;MADERA;CHIH
16/08/2022;12:00:47 p. m.;3.60;16.20;-95.48;22.00;TEHUANTEPEC;OAX
16/08/2022;01:04:12 p. m.;4.00;15.23;-94.56;27.00;SALINA CRUZ;OAX
16/08/2022;01:14:42 p. m.;3.70;15.70;-97.21;5.00;PUERTO ESCONDIDO;OAX
16/08/2022;01:41:39 p. m.;3.40;16.23;-97.64;32.00;RIO GRANDE;OAX
16/08/2022;01:57:21 p. m.;3.20;19.58;-104.07;9.00;EL GRULLO;JAL
16/08/2022;02:38:44 p. m.;3.30;16.07;-97.64;16.00;RIO GRANDE;OAX
16/08/2022;03:28:13 p. m.;3.80;16.65;-96.24;46.00;TLACOLULA;OAX
16/08/2022;03:33:36 p. m.;3.50;17.30;-94.62;157.00;MATIAS ROMERO;OAX
16/08/2022;03:44:09 p. m.;3.00;16.27;-98.00;3.00;PINOTEPA NACIONAL;OAX
16/08/2022;03:44:48 p. m.;3.50;16.17;-99.01;16.00;SAN MARCOS;GRO
16/08/2022;04:00:40 p. m.;3.40;17.01;-95.31;113.00;MATIAS ROMERO;OAX
16/08/2022;04:05:12 p. m.;3.50;16.58;-98.41;5.00;OMETEPEC;GRO
16/08/2022;04:32:24 p. m.;3.60;16.17;-99.01;16.00;SAN MARCOS;GRO
16/08/2022;05:25:07 p. m.;1.70;15.09;-92.17;4.00;CACAHOATAN;CHIS
16/08/2022;06:18:09 p. m.;2.70;19.25;-104.06;5.00;COQUIMATLAN;COL
16/08/2022;06:39:31 p. m.;3.30;15.89;-98.78;7.00;PINOTEPA NACIONAL;OAX
16/08/2022;07:47:09 p. m.;4.00;17.14;-101.84;9.00;ZIHUATANEJO;GRO
16/08/2022;08:20:35 p. m.;4.10;14.75;-92.99;123.00;HUIXTLA;CHIS
16/08/2022;08:27:40 p. m.;3.60;18.16;-103.45;5.00;COALCOMAN;MICH
16/08/2022;08:34:14 p. m.;3.90;16.76;-95.01;5.00;MATIAS ROMERO;OAX
16/08/2022;08:49:39 p. m.;3.60;17.14;-100.41;37.00;ATOYAC DE ALVAREZ;GRO
16/08/2022;09:01:31 p. m.;3.80;16.94;-95.07;111.00;MATIAS ROMERO;OAX
16/08/2022;09:43:45 p. m.;3.60;19.58;-103.99;5.00;EL GRULLO;JAL
16/08/2022;09:53:32 p. m.;4.00;14.16;-93.24;10.00;CD HIDALGO;CHIS
16/08/2022;10:07:08 p. m.;3.60;16.15;-97.59;15.00;RIO GRANDE;OAX
16/08/2022;10:09:26 p. m.;3.10;19.42;-104.00;35.00;COQUIMATLAN;COL
16/08/2022;10:47:04 p. m.;3.90;14.96;-94.10;46.00;PIJIJIAPAN;CHIS
16/08/2022;10:59:47 p. m.;3.90;14.15;-92.14;13.00;CD HIDALGO;CHIS
16/08/2022;11:08:24 p. m.;3.60;16.96;-99.15;5.00;SAN MARCOS;GRO
16/08/2022;11:47:39 p. m.;3.80;17.13;-99.94;39.00;COYUCA DE BENITEZ;GRO
17/08/2022;01:00:20 a. m.;3.40;19.82;-104.00;38.00;EL GRULLO;JAL
17/08/2022;01:34:48 a. m.;3.40;16.23;-98.02;3.00;PINOTEPA NACIONAL;OAX
17/08/2022;02:03:20 a. m.;3.50;15.99;-96.99;32.00;PUERTO ESCONDIDO;OAX
17/08/2022;02:23:01 a. m.;3.30;19.30;-105.16;12.00;CIHUATLAN;JAL
17/08/2022;03:14:11 a. m.;2.30;15.22;-92.03;14.00;MOTOZINTLA;CHIS
17/08/2022;03:26:17 a. m.;3.60;18.85;-104.32;32.00;MANZANILLO;COL
17/08/2022;03:43:20 a. m.;3.90;15.65;-94.08;13.00;TONALA;CHIS
17/08/2022;04:22:43 a. m.;3.60;27.52;-111.55;10.00;SANTA ROSALIA;BCS
17/08/2022;05:03:53 a. m.;3.60;19.28;-104.45;31.00;CIHUATLAN;JAL
17/08/2022;05:14:13 a. m.;3.90;17.11;-100.45;37.00;ATOYAC DE ALVAREZ;GRO
17/08/2022;05:52:45 a. m.;4.00;19.16;-107.92;10.00;PUERTO VALLARTA;JAL
17/08/2022;06:39:58 a. m.;3.30;18.94;-104.35;11.00;MANZANILLO;COL
17/08/2022;06:55:35 a. m.;3.70;16.71;-99.46;3.00;SAN MARCOS;GRO
17/08/2022;07:09:23 a. m.;3.40;16.30;-98.22;13.00;PINOTEPA NACIONAL;OAX
17/08/2022;08:40:50 a. m.;3.60;16.18;-97.51;12.00;RIO GRANDE;OAX
17/08/2022;08:45:02 a. m.;3.40;19.39;-104.68;37.00;CIHUATLAN;JAL
17/08/2022;08:55:16 a. m.;3.80;27.79;-101.44;5.00;PALAU;COAH
17/08/2022;09:31:58 a. m.;3.50;16.52;-98.46;26.00;OMETEPEC;GRO
17/08/2022;09:44:37 a. m.;3.50;19.16;-103.89;74.00;COQUIMATLAN;COL
17/08/2022;09:54:26 a. m.;4.10;19.26;-108.25;10.00;PUERTO VALLARTA;JAL
17/08/2022;10:08:54 a. m.;3.50;17.33;-100.51;50.00;ATOYAC DE ALVAREZ;GRO
17/08/2022;10:24:59 a. m.;3.20;16.25;-98.04;5.00;PINOTEPA NACIONAL;OAX
17/08/2022;10:41:13 a. m.;3.10;19.38;-104.31;49.00;CASIMIRO CASTILLO;JAL
17/08/2022;11:20:34 a. m.;3.90;17.28;-95.64;101.00;MATIAS ROMERO;OAX
17/08/2022;11:32:37 a. m.;3.20;16.00;-97.66;16.00;RIO GRANDE;OAX
17/08/2022;11:50:59 a. m.;3.10;16.94;-99.10;4.00;SAN MARCOS;GRO
17/08/2022;11:52:01 a. m.;3.40;16.87;-99.20;5.00;SAN MARCOS;GRO
17/08/2022;12:01:22 p. m.;3.40;19.31;-105.52;3.00;CIHUATLAN;JAL
17/08/2022;12:06:35 p. m.;3.10;16.96;-99.63;29.00;ACAPULCO;GRO
17/08/2022;12:28:22 p. m.;3.80;18.56;-106.35;15.00;CIHUATLAN;JAL
17/08/2022;01:23:15 p. m.;3.30;18.43;-96.80;4.00;CUITLAHUAC;VER
17/08/2022;01:41:15 p. m.;3.10;16.56;-98.45;9.00;OMETEPEC;GRO
17/08/2022;01:59:26 p. m.;3.50;17.49;-97.38;67.00;H TLAXIACO;OAX
17/08/2022;02:20:22 p. m.;3.30;16.25;-98.08;13.00;PINOTEPA NACIONAL;OAX
17/08/2022;02:26:41 p. m.;3.90;18.24;-100.49;53.00;CD ALTAMIRANO;GRO
17/08/2022;02:32:49 p. m.;3.70;16.14;-95.49;11.00;SALINA CRUZ;OAX
17/08/2022;03:05:28 p. m.;3.00;16.52;-98.43;10.00;OMETEPEC;GRO
17/08/2022;04:08:41 p. m.;3.50;18.67;-103.27;11.00;COALCOMAN;MICH
17/08/2022;04:28:17 p. m.;3.70;15.40;-94.78;16.00;SALINA CRUZ;OAX
17/08/2022;05:00:05 p. m.;2.90;16.34;-98.04;21.00;PINOTEPA NACIONAL;OAX
17/08/2022;05:05:04 p. m.;3.00;16.34;-98.04;24.00;PINOTEPA NACIONAL;OAX
17/08/2022;05:54:48 p. m.;3.60;16.68;-95.23;53.00;CD IXTEPEC;OAX
17/08/2022;06:24:11 p. m.;3.80;19.68;-103.94;11.00;EL GRULLO;JAL
17/08/2022;06:38:59 p. m.;3.40;16.43;-98.16;14.00;PINOTEPA NACIONAL;OAX
17/08/2022;06:46:45 p. m.;2.90;18.07;-99.46;40.00;CD DE HUITZUCO;GRO
17/08/2022;07:02:17 p. m.;3.50;16.17;-97.88;5.00;PINOTEPA NACIONAL;OAX
17/08/2022;07:37:33 p. m.;3.70;18.29;-100.75;45.00;CD ALTAMIRANO;GRO
17/08/2022;08:12:01 p. m.;3.90;16.86;-94.52;131.00;UNION HIDALGO;OAX
17/08/2022;08:17:48 p. m.;4.20;17.51;-94.46;175.00;MINATITLAN;VER
17/08/2022;08:35:44 p. m.;4.00;18.84;-98.90;6.00;JUAN MORALES;MOR
17/08/2022;08:45:25 p. m.;3.80;14.84;-93.85;10.00;PIJIJIAPAN;CHIS
17/08/2022;08:59:27 p. m.;3.40;18.11;-103.38;13.00;COALCOMAN;MICH
17/08/2022;09:10:42 p. m.;3.70;16.76;-93.77;172.00;CINTALAPA;CHIS
17/08/2022;10:22:56 p. m.;3.30;16.91;-98.65;44.00;OMETEPEC;GRO
17/08/2022;10:36:51 p. m.;3.40;16.76;-98.50;26.00;OMETEPEC;GRO
17/08/2022;10:54:00 p. m.;3.30;16.08;-96.97;44.00;PUERTO ESCONDIDO;OAX
17/08/2022;10:55:39 p. m.;3.70;18.74;-106.43;5.00;CIHUATLAN;JAL
17/08/2022;11:01:18 p. m.;3.70;18.10;-103.35;9.00;COALCOMAN;MICH
17/08/2022;11:16:41 p. m.;3.50;16.88;-95.50;78.00;MATIAS ROMERO;OAX
17/08/2022;11:21:01 p. m.;3.10;17.82;-98.44;56.00;TLAPA;GRO
17/08/2022;11:23:33 p. m.;3.20;17.16;-99.95;40.00;COYUCA DE BENITEZ;GRO
17/08/2022;11:43:15 p. m.;3.30;18.68;-103.85;4.00;TECOMAN;COL
18/08/2022;12:09:46 a. m.;3.20;18.02;-97.70;59.00;H HUAJUAPAN DE LEON;OAX
18/08/2022;12:40:54 a. m.;3.60;16.40;-98.89;6.00;OMETEPEC;GRO
18/08/2022;12:41:49 a. m.;3.10;16.43;-98.87;3.00;OMETEPEC;GRO
18/08/2022;12:52:15 a. m.;3.10;19.37;-104.27;45.00;CASIMIRO CASTILLO;JAL
18/08/2022;12:55:48 a. m.;3.80;14.45;-93.03;5.00;TAPACHULA;CHIS
18/08/2022;01:05:05 a. m.;3.40;16.66;-97.64;22.00;PINOTEPA NACIONAL;OAX
18/08/2022;01:28:05 a. m.;3.70;16.17;-95.53;17.00;TEHUANTEPEC;OAX
18/08/2022;01:46:50 a. m.;3.10;16.38;-98.31;14.00;PINOTEPA NACIONAL;OAX
18/08/2022;01:58:36 a. m.;3.50;15.39;-92.08;162.00;MOTOZINTLA;CHIS
18/08/2022;02:10:04 a. m.;3.20;16.66;-98.59;14.00;OMETEPEC;GRO
18/08/2022;02:12:32 a. m.;3.50;19.11;-102.53;10.00;APATZINGAN;MICH
18/08/2022;02:30:06 a. m.;3.50;16.17;-95.50;39.00;SALINA CRUZ;OAX
18/08/2022;02:30:33 a. m.;3.30;18.19;-103.18;9.00;COALCOMAN;MICH
18/08/2022;02:42:23 a. m.;3.70;28.01;-112.22;16.00;SANTA ROSALIA;BCS
18/08/2022;03:01:24 a. m.;3.80;18.20;-100.25;50.00;ARCELIA;GRO
18/08/2022;03:08:14 a. m.;3.70;16.14;-95.51;13.00;SALINA CRUZ;OAX
18/08/2022;03:45:18 a. m.;1.80;22.80;-102.60;1.00;ZACATECAS;ZAC
18/08/2022;04:44:13 a. m.;3.30;16.46;-98.27;28.00;PINOTEPA NACIONAL;OAX
18/08/2022;05:23:58 a. m.;3.40;16.27;-98.36;5.00;PINOTEPA NACIONAL;OAX
18/08/2022;06:01:15 a. m.;3.70;16.77;-99.65;9.00;SAN MARCOS;GRO
18/08/2022;06:19:53 a. m.;2.10;19.17;-98.81;5.00;TLALMANALCO;MEX
18/08/2022;06:25:04 a. m.;3.60;17.71;-96.89;66.00;TEPELMEME;OAX
18/08/2022;06:33:13 a. m.;3.50;18.17;-103.47;5.00;COALCOMAN;MICH
18/08/2022;06:36:05 a. m.;3.30;16.26;-98.09;13.00;PINOTEPA NACIONAL;OAX
18/08/2022;06:47:03 a. m.;3.20;16.65;-98.63;34.00;OMETEPEC;GRO
18/08/2022;06:54:57 a. m.;4.00;15.57;-95.63;34.00;CRUCECITA;OAX
18/08/2022;08:12:38 a. m.;3.80;15.45;-96.17;7.00;CRUCECITA;OAX
18/08/2022;08:51:42 a. m.;3.10;16.54;-98.48;6.00;OMETEPEC;GRO
18/08/2022;09:27:58 a. m.;3.20;19.88;-104.32;43.00;AUTLAN DE NAVARRO;JAL
18/08/2022;09:45:00 a. m.;4.20;18.31;-102.23;58.00;LA MIRA;MICH
18/08/2022;09:48:08 a. m.;3.70;18.40;-102.25;9.00;LA MIRA;MICH
18/08/2022;09:55:37 a. m.;3.70;16.69;-94.69;60.00;UNION HIDALGO;OAX
18/08/2022;09:57:24 a. m.;3.40;19.29;-103.88;29.00;COQUIMATLAN;COL
18/08/2022;11:22:20 a. m.;3.40;18.72;-102.92;64.00;COALCOMAN;MICH
18/08/2022;12:34:50 p. m.;3.40;18.65;-103.27;8.00;COALCOMAN;MICH
18/08/2022;12:49:02 p. m.;3.30;18.23;-96.27;92.00;TRES VALLES;VER
18/08/2022;02:09:35 p. m.;3.80;30.36;-109.54;2.00;NACOZARI DE GARCIA;SON
18/08/2022;02:26:12 p. m.;3.30;16.65;-99.30;5.00;SAN MARCOS;GRO
18/08/2022;03:47:57 p. m.;3.20;19.63;-103.94;12.00;EL GRULLO;JAL
18/08/2022;04:09:03 p. m.;3.40;16.10;-97.17;28.00;PUERTO ESCONDIDO;OAX
18/08/2022;04:51:19 p. m.;3.60;17.00;-100.28;21.00;COYUCA DE BENITEZ;GRO
18/08/2022;05:16:08 p. m.;3.50;16.85;-100.41;10.00;COYUCA DE BENITEZ;GRO
18/08/2022;05:17:27 p. m.;3.70;15.02;-93.23;56.00;MAPASTEPEC;CHIS
18/08/2022;05:50:41 p. m.;2.90;16.98;-99.53;19.00;SAN MARCOS;GRO
18/08/2022;05:51:15 p. m.;3.80;17.00;-100.53;5.00;ATOYAC DE ALVAREZ;GRO
18/08/2022;08:07:50 p. m.;3.10;15.98;-97.51;16.00;RIO GRANDE;OAX
18/08/2022;08:08:13 p. m.;3.40;16.88;-100.32;14.00;COYUCA DE BENITEZ;GRO
18/08/2022;08:16:47 p. m.;3.50;16.82;-99.64;6.00;SAN MARCOS;GRO
18/08/2022;08:27:16 p. m.;3.80;18.22;-100.69;46.00;CD ALTAMIRANO;GRO
18/08/2022;08:40:17 p. m.;3.40;18.16;-103.29;10.00;COALCOMAN;MICH
18/08/2022;08:42:47 p. m.;3.80;16.84;-91.76;22.00;OCOSINGO;CHIS
18/08/2022;09:19:38 p. m.;3.40;27.59;-111.60;10.00;SANTA ROSALIA;BCS
18/08/2022;10:07:33 p. m.;3.90;15.48;-95.02;33.00;SALINA CRUZ;OAX
18/08/2022;10:11:07 p. m.;3.40;16.00;-97.11;36.00;PUERTO ESCONDIDO;OAX
18/08/2022;10:51:55 p. m.;3.70;16.81;-100.05;3.00;ACAPULCO;GRO
18/08/2022;11:02:38 p. m.;3.60;16.77;-100.09;3.00;ACAPULCO;GRO
18/08/2022;11:20:04 p. m.;3.60;16.16;-98.30;3.00;PINOTEPA NACIONAL;OAX
18/08/2022;11:22:02 p. m.;3.90;26.93;-111.36;16.00;SANTA ROSALIA;BCS
18/08/2022;11:42:58 p. m.;2.50;22.81;-102.58;2.00;ZACATECAS;ZAC
19/08/2022;12:09:34 a. m.;3.90;15.72;-95.02;10.00;SALINA CRUZ;OAX
19/08/2022;12:10:36 a. m.;3.90;15.53;-95.07;75.00;SALINA CRUZ;OAX
19/08/2022;12:38:14 a. m.;3.90;16.52;-98.09;35.00;PINOTEPA NACIONAL;OAX
19/08/2022;12:54:25 a. m.;3.50;18.21;-103.12;2.00;COALCOMAN;MICH
19/08/2022;01:06:49 a. m.;3.40;19.30;-103.84;32.00;COQUIMATLAN;COL
19/08/2022;01:21:21 a. m.;3.90;17.19;-93.83;167.00;CINTALAPA;CHIS
19/08/2022;01:44:41 a. m.;3.50;16.37;-98.45;13.00;OMETEPEC;GRO
19/08/2022;01:52:46 a. m.;3.20;19.50;-104.47;57.00;CASIMIRO CASTILLO;JAL
19/08/2022;01:57:21 a. m.;3.30;16.68;-99.49;3.00;SAN MARCOS;GRO
19/08/2022;02:38:47 a. m.;3.90;16.49;-94.42;103.00;UNION HIDALGO;OAX
19/08/2022;03:05:28 a. m.;3.80;17.26;-94.84;131.00;MATIAS ROMERO;OAX
19/08/2022;03:29:25 a. m.;3.50;16.68;-99.33;2.00;SAN MARCOS;GRO
19/08/2022;03:45:02 a. m.;3.60;19.16;-104.03;2.00;COQUIMATLAN;COL
19/08/2022;03:55:27 a. m.;3.60;16.63;-99.32;4.00;SAN MARCOS;GRO
19/08/2022;04:00:13 a. m.;3.80;15.53;-96.48;16.00;S PEDRO POCHUTLA;OAX
19/08/2022;05:28:00 a. m.;3.60;17.95;-99.20;55.00;CHILAPA DE ALVAREZ;GRO
19/08/2022;05:32:30 a. m.;4.00;26.94;-111.26;12.00;LORETO;BCS
19/08/2022;06:08:43 a. m.;1.20;22.80;-102.58;3.00;ZACATECAS;ZAC
19/08/2022;06:20:01 a. m.;3.90;14.55;-95.35;18.00;CRUCECITA;OAX
19/08/2022;07:44:04 a. m.;3.80;17.15;-100.15;43.00;COYUCA DE BENITEZ;GRO
19/08/2022;07:59:07 a. m.;3.00;16.89;-99.51;39.00;SAN MARCOS;GRO
19/08/2022;08:12:30 a. m.;3.80;16.51;-94.90;5.00;UNION HIDALGO;OAX
19/08/2022;08:32:44 a. m.;3.40;17.75;-97.43;59.00;TEPELMEME;OAX
19/08/2022;08:41:10 a. m.;4.00;18.05;-100.76;49.00;CD ALTAMIRANO;GRO
19/08/2022;09:09:24 a. m.;3.80;16.29;-94.09;106.00;ARRIAGA ;CHIS
19/08/2022;09:57:28 a. m.;3.60;16.24;-98.35;5.00;PINOTEPA NACIONAL;OAX
19/08/2022;10:17:48 a. m.;4.00;15.59;-94.99;14.00;SALINA CRUZ;OAX
19/08/2022;10:25:01 a. m.;3.80;17.37;-100.89;17.00;TECPAN;GRO
19/08/2022;10:30:49 a. m.;4.00;14.50;-94.25;16.00;PIJIJIAPAN;CHIS
19/08/2022;10:49:05 a. m.;3.00;16.03;-97.58;13.00;RIO GRANDE;OAX
19/08/2022;11:14:16 a. m.;3.00;16.31;-98.05;13.00;PINOTEPA NACIONAL;OAX
19/08/2022;12:12:54 p. m.;3.90;17.98;-104.62;17.00;MANZANILLO;COL
19/08/2022;12:48:44 p. m.;3.30;16.30;-96.56;11.00;MIAHUATLAN;OAX
19/08/2022;01:12:44 p. m.;3.60;32.20;-115.21;6.00;GPE VICTORIA(KM.43);BC
19/08/2022;01:21:03 p. m.;3.30;16.85;-100.07;5.00;COYUCA DE BENITEZ;GRO
19/08/2022;01:27:45 p. m.;3.50;17.01;-95.85;30.00;TLACOLULA;OAX
19/08/2022;01:47:18 p. m.;3.30;16.52;-99.00;31.00;SAN MARCOS;GRO
19/08/2022;02:05:45 p. m.;3.40;31.36;-114.36;10.00;SAN FELIPE;BC
19/08/2022;02:08:08 p. m.;3.70;31.60;-114.61;19.00;SAN FELIPE;BC
19/08/2022;03:22:23 p. m.;3.20;19.55;-105.15;46.00;CIHUATLAN;JAL
19/08/2022;04:04:52 p. m.;3.20;16.55;-98.48;7.00;OMETEPEC;GRO
19/08/2022;04:19:19 p. m.;3.90;15.91;-95.18;55.00;SALINA CRUZ;OAX
19/08/2022;04:46:29 p. m.;3.30;19.72;-103.94;5.00;EL GRULLO;JAL
19/08/2022;05:49:15 p. m.;3.90;17.31;-94.39;162.00;LAS CHOAPAS;VER
19/08/2022;05:49:41 p. m.;3.20;16.18;-97.55;10.00;RIO GRANDE;OAX
19/08/2022;06:26:04 p. m.;3.40;16.28;-98.51;10.00;OMETEPEC;GRO
19/08/2022;06:31:47 p. m.;3.70;18.17;-103.29;26.00;COALCOMAN;MICH
19/08/2022;07:21:05 p. m.;3.70;16.41;-99.26;9.00;SAN MARCOS;GRO
19/08/2022;07:54:44 p. m.;3.60;16.73;-99.47;5.00;SAN MARCOS;GRO
19/08/2022;07:57:18 p. m.;2.70;16.73;-99.48;14.00;SAN MARCOS;GRO
19/08/2022;09:00:09 p. m.;3.70;17.42;-94.98;130.00;SAYULA DE ALEMAN;VER
19/08/2022;09:32:49 p. m.;3.90;18.70;-92.77;10.00;FRONTERA;TAB
19/08/2022;09:51:54 p. m.;2.90;19.39;-104.31;52.00;CASIMIRO CASTILLO;JAL
19/08/2022;10:00:21 p. m.;3.80;15.96;-94.93;16.00;SALINA CRUZ;OAX
19/08/2022;10:07:56 p. m.;3.50;15.89;-98.52;5.00;PINOTEPA NACIONAL;OAX
19/08/2022;10:22:22 p. m.;4.00;17.29;-94.66;145.00;MATIAS ROMERO;OAX
19/08/2022;10:26:19 p. m.;3.40;16.78;-100.15;17.00;COYUCA DE BENITEZ;GRO
19/08/2022;10:41:16 p. m.;3.50;27.81;-111.89;10.00;SANTA ROSALIA;BCS
19/08/2022;11:00:18 p. m.;3.90;15.22;-94.66;28.00;SALINA CRUZ;OAX
19/08/2022;11:40:57 p. m.;3.90;17.33;-101.19;16.00;PETATLAN;GRO
19/08/2022;11:44:07 p. m.;3.90;14.22;-92.78;10.00;CD HIDALGO;CHIS
20/08/2022;12:05:13 a. m.;2.90;16.52;-98.50;6.00;OMETEPEC;GRO
20/08/2022;12:05:31 a. m.;3.80;16.49;-95.10;10.00;CD IXTEPEC;OAX
20/08/2022;12:06:54 a. m.;3.30;17.38;-100.84;29.00;TECPAN;GRO
20/08/2022;01:39:16 a. m.;3.10;16.52;-99.80;16.00;ACAPULCO;GRO
20/08/2022;01:46:04 a. m.;4.00;24.05;-108.90;10.00;SAN JOSE DEL CABO;BCS
20/08/2022;01:58:45 a. m.;3.80;15.84;-94.92;16.00;SALINA CRUZ;OAX
20/08/2022;02:10:51 a. m.;3.40;31.81;-114.79;4.00;GPE VICTORIA(KM.43);BC
20/08/2022;02:34:48 a. m.;3.50;30.89;-114.14;10.00;SAN FELIPE;BC
20/08/2022;02:38:22 a. m.;3.50;32.32;-115.15;16.00;GPE VICTORIA(KM.43);BC
20/08/2022;02:45:58 a. m.;3.80;17.25;-100.67;36.00;TECPAN;GRO
20/08/2022;02:48:40 a. m.;4.00;16.24;-93.19;173.00;VILLAFLORES;CHIS
20/08/2022;03:04:58 a. m.;3.10;16.03;-97.62;15.00;RIO GRANDE;OAX
20/08/2022;03:51:52 a. m.;3.50;16.72;-93.70;152.00;CINTALAPA;CHIS
20/08/2022;04:16:13 a. m.;3.10;19.41;-104.46;35.00;CASIMIRO CASTILLO;JAL
20/08/2022;04:21:10 a. m.;3.10;19.01;-104.65;14.00;CIHUATLAN;JAL
20/08/2022;04:25:23 a. m.;3.30;19.54;-105.52;16.00;CIHUATLAN;JAL
20/08/2022;04:31:02 a. m.;4.00;15.52;-96.43;16.00;S PEDRO POCHUTLA;OAX
20/08/2022;04:36:51 a. m.;3.70;16.99;-95.85;14.00;TLACOLULA;OAX
20/08/2022;04:38:54 a. m.;3.60;30.09;-113.73;10.00;PUERTO PEÃ‘ASCO;SON
20/08/2022;04:52:47 a. m.;3.60;18.82;-105.11;10.00;CIHUATLAN;JAL
20/08/2022;04:55:51 a. m.;3.90;15.71;-95.72;34.00;CRUCECITA;OAX
20/08/2022;05:09:02 a. m.;3.70;27.55;-111.54;10.00;H GUAYMAS;SON
20/08/2022;05:58:03 a. m.;3.60;18.79;-105.11;10.00;CIHUATLAN;JAL
20/08/2022;05:59:53 a. m.;3.30;16.36;-98.29;22.00;PINOTEPA NACIONAL;OAX
20/08/2022;06:11:58 a. m.;4.00;14.32;-92.86;25.00;CD HIDALGO;CHIS
20/08/2022;06:19:31 a. m.;3.60;16.52;-94.06;123.00;ARRIAGA ;CHIS
20/08/2022;06:26:33 a. m.;4.00;15.91;-95.14;16.00;SALINA CRUZ;OAX
20/08/2022;06:30:52 a. m.;3.00;31.04;-114.99;4.00;SAN FELIPE;BC
20/08/2022;06:44:48 a. m.;3.80;17.81;-105.48;10.00;MANZANILLO;COL
20/08/2022;06:50:11 a. m.;3.10;17.08;-100.09;42.00;COYUCA DE BENITEZ;GRO
20/08/2022;06:51:10 a. m.;3.90;18.17;-103.23;8.00;COALCOMAN;MICH
20/08/2022;07:06:54 a. m.;3.90;15.99;-93.90;91.00;TONALA;CHIS
20/08/2022;07:13:03 a. m.;3.60;18.85;-105.52;2.00;CIHUATLAN;JAL
20/08/2022;07:36:57 a. m.;2.90;31.42;-115.46;5.00;SAN FELIPE;BC
20/08/2022;08:21:40 a. m.;3.00;31.42;-114.72;8.00;SAN FELIPE;BC
20/08/2022;08:23:30 a. m.;3.20;16.28;-98.21;18.00;PINOTEPA NACIONAL;OAX
20/08/2022;08:30:02 a. m.;3.80;17.27;-95.72;87.00;MATIAS ROMERO;OAX
20/08/2022;09:00:39 a. m.;3.30;17.00;-100.49;11.00;ATOYAC DE ALVAREZ;GRO
20/08/2022;09:22:31 a. m.;3.80;17.12;-94.72;134.00;MATIAS ROMERO;OAX
20/08/2022;09:39:52 a. m.;3.40;16.90;-100.33;8.00;COYUCA DE BENITEZ;GRO
20/08/2022;09:57:14 a. m.;3.70;18.66;-102.65;5.00;COALCOMAN;MICH
20/08/2022;10:18:45 a. m.;4.00;16.08;-96.42;44.00;MIAHUATLAN;OAX
20/08/2022;10:33:49 a. m.;3.50;17.33;-100.58;40.00;TECPAN;GRO
20/08/2022;10:54:12 a. m.;3.20;16.55;-98.64;30.00;OMETEPEC;GRO
20/08/2022;11:48:39 a. m.;3.60;18.12;-103.28;12.00;COALCOMAN;MICH
20/08/2022;11:50:50 a. m.;3.30;16.71;-96.18;73.00;TLACOLULA;OAX
20/08/2022;01:31:34 p. m.;3.30;15.56;-98.61;10.00;PINOTEPA NACIONAL;OAX
20/08/2022;01:37:51 p. m.;3.80;16.65;-94.98;2.00;CD IXTEPEC;OAX
20/08/2022;02:49:57 p. m.;2.60;32.22;-115.02;16.00;GPE VICTORIA(KM.43);BC
20/08/2022;02:57:21 p. m.;4.40;16.73;-99.80;14.00;ACAPULCO;GRO
20/08/2022;03:11:42 p. m.;3.40;16.31;-99.03;24.00;SAN MARCOS;GRO
20/08/2022;03:19:53 p. m.;3.80;15.91;-94.96;12.00;SALINA CRUZ;OAX
20/08/2022;03:26:45 p. m.;3.40;19.62;-103.90;31.00;EL GRULLO;JAL
20/08/2022;03:28:02 p. m.;3.60;16.78;-99.76;7.00;ACAPULCO;GRO
20/08/2022;04:01:47 p. m.;3.30;32.08;-115.08;20.00;GPE VICTORIA(KM.43);BC
20/08/2022;04:22:16 p. m.;3.70;16.61;-94.96;8.00;CD IXTEPEC;OAX
20/08/2022;04:30:05 p. m.;3.60;17.12;-95.07;120.00;MATIAS ROMERO;OAX
20/08/2022;04:32:37 p. m.;3.70;15.54;-94.89;50.00;SALINA CRUZ;OAX
20/08/2022;04:38:12 p. m.;3.20;18.69;-103.27;3.00;COALCOMAN;MICH
20/08/2022;05:01:48 p. m.;3.30;30.66;-114.44;4.00;SAN FELIPE;BC
20/08/2022;05:09:24 p. m.;2.90;16.60;-99.21;14.00;SAN MARCOS;GRO
20/08/2022;05:13:58 p. m.;3.20;16.56;-98.48;12.00;OMETEPEC;GRO
20/08/2022;05:50:34 p. m.;3.30;17.76;-97.61;62.00;H HUAJUAPAN DE LEON;OAX
20/08/2022;06:31:36 p. m.;3.90;15.98;-99.46;16.00;SAN MARCOS;GRO
20/08/2022;06:40:15 p. m.;3.40;16.29;-98.44;18.00;PINOTEPA NACIONAL;OAX
20/08/2022;06:44:56 p. m.;3.50;30.31;-109.49;2.00;NACOZARI DE GARCIA;SON
20/08/2022;07:36:14 p. m.;3.40;18.14;-103.42;13.00;COALCOMAN;MICH
20/08/2022;08:06:14 p. m.;3.90;16.68;-93.83;174.00;CINTALAPA;CHIS
20/08/2022;08:33:07 p. m.;3.70;17.41;-95.27;27.00;SAYULA DE ALEMAN;VER
20/08/2022;08:37:26 p. m.;3.10;31.61;-116.00;20.00;RODOLFO SANCHEZ T(MRO);BC
20/08/2022;08:42:52 p. m.;3.10;16.66;-98.97;19.00;SAN MARCOS;GRO
20/08/2022;09:18:27 p. m.;3.70;18.12;-103.37;11.00;COALCOMAN;MICH
20/08/2022;09:22:22 p. m.;3.50;17.74;-100.04;56.00;ZUMPANGO DEL RIO;GRO
20/08/2022;09:31:52 p. m.;3.30;16.84;-100.09;5.00;COYUCA DE BENITEZ;GRO
20/08/2022;09:41:07 p. m.;3.50;18.66;-102.75;17.00;COALCOMAN;MICH
20/08/2022;09:54:38 p. m.;3.30;15.88;-96.89;8.00;PUERTO ESCONDIDO;OAX
20/08/2022;10:15:42 p. m.;3.80;15.57;-93.31;88.00;PIJIJIAPAN;CHIS
20/08/2022;10:56:35 p. m.;3.10;19.14;-104.29;22.00;MANZANILLO;COL
20/08/2022;11:27:00 p. m.;3.50;16.02;-98.37;2.00;PINOTEPA NACIONAL;OAX
20/08/2022;11:27:42 p. m.;3.90;15.61;-95.03;4.00;SALINA CRUZ;OAX
20/08/2022;11:39:58 p. m.;3.70;15.73;-97.16;10.00;PUERTO ESCONDIDO;OAX
21/08/2022;12:16:57 a. m.;3.50;16.23;-98.03;6.00;PINOTEPA NACIONAL;OAX
21/08/2022;12:19:21 a. m.;3.40;16.69;-99.63;10.00;SAN MARCOS;GRO
21/08/2022;12:49:55 a. m.;3.40;16.08;-98.05;10.00;PINOTEPA NACIONAL;OAX
21/08/2022;12:59:13 a. m.;3.60;29.64;-114.21;10.00;SAN FELIPE;BC
21/08/2022;12:59:22 a. m.;4.00;15.89;-95.03;7.00;SALINA CRUZ;OAX
21/08/2022;01:06:30 a. m.;3.70;19.11;-103.29;87.00;TECALITLAN;JAL
21/08/2022;01:24:54 a. m.;3.80;16.29;-97.67;10.00;RIO GRANDE;OAX
21/08/2022;01:37:52 a. m.;4.00;15.09;-93.24;51.00;MAPASTEPEC;CHIS
21/08/2022;01:46:07 a. m.;3.50;15.94;-99.53;15.00;SAN MARCOS;GRO
21/08/2022;02:00:22 a. m.;3.70;15.53;-93.61;87.00;PIJIJIAPAN;CHIS
21/08/2022;02:29:23 a. m.;4.00;18.80;-107.39;10.00;CIHUATLAN;JAL
21/08/2022;02:47:07 a. m.;3.70;18.85;-107.39;10.00;PUERTO VALLARTA;JAL
21/08/2022;03:42:33 a. m.;3.50;31.42;-115.53;4.00;SAN FELIPE;BC
21/08/2022;03:48:23 a. m.;3.50;15.12;-98.07;16.00;RIO GRANDE;OAX
21/08/2022;03:51:20 a. m.;3.70;16.61;-93.74;160.00;CINTALAPA;CHIS
21/08/2022;04:27:04 a. m.;3.20;31.57;-115.60;21.00;GPE VICTORIA(KM.43);BC
21/08/2022;04:28:25 a. m.;4.10;15.45;-95.87;17.00;CRUCECITA;OAX
21/08/2022;04:32:36 a. m.;3.10;19.15;-103.98;43.00;COQUIMATLAN;COL
21/08/2022;05:05:53 a. m.;3.50;18.84;-98.96;4.00;CUAUTLA;MOR
21/08/2022;05:17:20 a. m.;2.80;16.48;-99.29;12.00;SAN MARCOS;GRO
21/08/2022;05:19:12 a. m.;3.20;31.51;-115.63;17.00;SAN FELIPE;BC
21/08/2022;05:19:42 a. m.;3.90;15.61;-96.51;15.00;S PEDRO POCHUTLA;OAX
21/08/2022;05:23:10 a. m.;3.50;18.60;-103.25;51.00;COALCOMAN;MICH
21/08/2022;05:23:35 a. m.;2.30;20.20;-99.22;5.00;MIXQUIAHUALA;HGO
21/08/2022;05:24:21 a. m.;3.40;16.76;-99.66;3.00;ACAPULCO;GRO
21/08/2022;05:42:49 a. m.;3.20;16.39;-98.49;4.00;OMETEPEC;GRO
21/08/2022;05:51:38 a. m.;3.60;18.26;-102.61;27.00;LA MIRA;MICH
21/08/2022;05:53:00 a. m.;3.80;18.20;-100.34;58.00;ARCELIA;GRO
21/08/2022;05:57:26 a. m.;3.70;15.29;-94.76;16.00;SALINA CRUZ;OAX
21/08/2022;05:59:36 a. m.;3.50;32.05;-116.69;20.00;ENSENADA;BC
21/08/2022;06:07:40 a. m.;3.70;15.96;-98.86;16.00;OMETEPEC;GRO
21/08/2022;06:12:27 a. m.;3.00;31.08;-115.43;11.00;SAN FELIPE;BC
21/08/2022;06:44:20 a. m.;3.40;27.57;-111.64;18.00;SANTA ROSALIA;BCS
21/08/2022;07:04:42 a. m.;3.60;16.84;-99.74;10.00;ACAPULCO;GRO
21/08/2022;07:08:46 a. m.;3.90;15.90;-95.47;62.00;SALINA CRUZ;OAX
21/08/2022;07:25:10 a. m.;3.80;18.89;-107.39;10.00;PUERTO VALLARTA;JAL
21/08/2022;07:50:32 a. m.;3.90;18.87;-107.43;10.00;PUERTO VALLARTA;JAL
21/08/2022;08:02:20 a. m.;3.60;15.48;-93.43;90.00;PIJIJIAPAN;CHIS
21/08/2022;08:19:13 a. m.;3.40;16.65;-98.60;14.00;OMETEPEC;GRO
21/08/2022;08:44:14 a. m.;3.10;17.11;-99.73;46.00;ACAPULCO;GRO
21/08/2022;08:47:22 a. m.;3.20;30.85;-114.33;2.00;SAN FELIPE;BC
21/08/2022;09:43:48 a. m.;3.50;16.30;-97.85;5.00;PINOTEPA NACIONAL;OAX
21/08/2022;09:53:45 a. m.;3.70;16.13;-94.97;16.00;SALINA CRUZ;OAX
21/08/2022;09:57:43 a. m.;3.10;31.51;-115.76;20.00;RODOLFO SANCHEZ T(MRO);BC
21/08/2022;10:22:14 a. m.;3.00;19.25;-104.43;39.00;CIHUATLAN;JAL
21/08/2022;10:28:20 a. m.;3.80;18.80;-107.39;15.00;CIHUATLAN;JAL
21/08/2022;10:35:49 a. m.;4.10;16.71;-94.60;117.00;UNION HIDALGO;OAX
21/08/2022;11:17:34 a. m.;3.10;16.40;-98.16;23.00;PINOTEPA NACIONAL;OAX
21/08/2022;11:49:02 a. m.;3.90;16.38;-94.86;16.00;UNION HIDALGO;OAX
21/08/2022;12:01:33 p. m.;3.80;18.95;-107.35;10.00;PUERTO VALLARTA;JAL
21/08/2022;12:17:26 p. m.;4.10;18.88;-107.36;10.00;PUERTO VALLARTA;JAL
21/08/2022;12:53:20 p. m.;4.00;18.86;-107.32;11.00;PUERTO VALLARTA;JAL
21/08/2022;12:56:20 p. m.;3.70;18.87;-107.40;10.00;PUERTO VALLARTA;JAL
21/08/2022;01:05:22 p. m.;3.90;15.56;-95.88;2.00;CRUCECITA;OAX
21/08/2022;01:06:34 p. m.;3.20;18.03;-99.70;5.00;IGUALA;GRO
21/08/2022;01:29:34 p. m.;3.30;16.90;-99.36;37.00;SAN MARCOS;GRO
21/08/2022;01:31:58 p. m.;3.30;16.31;-98.30;9.00;PINOTEPA NACIONAL;OAX
21/08/2022;01:33:30 p. m.;3.10;19.65;-105.36;34.00;CIHUATLAN;JAL
21/08/2022;01:38:49 p. m.;3.40;16.92;-99.89;17.00;ACAPULCO;GRO
21/08/2022;02:12:59 p. m.;3.10;16.56;-98.47;7.00;OMETEPEC;GRO
21/08/2022;02:35:40 p. m.;3.90;15.98;-98.84;16.00;OMETEPEC;GRO
21/08/2022;02:51:53 p. m.;3.20;19.19;-104.71;24.00;CIHUATLAN;JAL
21/08/2022;02:52:43 p. m.;3.50;16.03;-97.53;37.00;RIO GRANDE;OAX
21/08/2022;02:57:26 p. m.;3.40;19.18;-104.32;93.00;MANZANILLO;COL
21/08/2022;02:57:59 p. m.;2.90;16.02;-97.54;37.00;RIO GRANDE;OAX
21/08/2022;03:04:11 p. m.;3.70;30.78;-114.31;4.00;SAN FELIPE;BC
21/08/2022;03:11:12 p. m.;3.90;27.55;-111.55;17.00;SANTA ROSALIA;BCS
21/08/2022;03:19:46 p. m.;3.60;27.55;-111.57;20.00;SANTA ROSALIA;BCS
21/08/2022;03:36:21 p. m.;3.20;16.64;-98.90;20.00;OMETEPEC;GRO
21/08/2022;03:42:15 p. m.;3.20;16.35;-98.27;12.00;PINOTEPA NACIONAL;OAX
21/08/2022;03:59:50 p. m.;3.80;15.46;-94.63;24.00;SALINA CRUZ;OAX
21/08/2022;04:10:31 p. m.;3.90;18.01;-103.52;3.00;COALCOMAN;MICH
21/08/2022;04:11:35 p. m.;3.50;15.87;-98.88;16.00;PINOTEPA NACIONAL;OAX
21/08/2022;04:28:37 p. m.;3.10;19.51;-104.01;110.00;EL GRULLO;JAL
21/08/2022;04:53:57 p. m.;3.50;30.74;-116.14;4.00;VICENTE GUERRERO;BC
21/08/2022;04:55:26 p. m.;3.10;19.76;-103.61;19.00;SAYULA;JAL
21/08/2022;05:07:19 p. m.;3.40;31.51;-115.61;10.00;SAN FELIPE;BC
21/08/2022;05:53:10 p. m.;3.80;16.01;-97.58;16.00;RIO GRANDE;OAX
21/08/2022;06:00:36 p. m.;3.60;27.48;-111.39;10.00;H GUAYMAS;SON
21/08/2022;06:29:37 p. m.;3.30;16.01;-97.59;14.00;RIO GRANDE;OAX
21/08/2022;06:55:05 p. m.;3.50;19.10;-104.26;11.00;MANZANILLO;COL
21/08/2022;07:06:33 p. m.;4.10;18.83;-107.33;10.00;CIHUATLAN;JAL
21/08/2022;08:15:20 p. m.;3.40;16.02;-97.58;14.00;RIO GRANDE;OAX
21/08/2022;08:21:15 p. m.;3.50;16.13;-95.97;28.00;CRUCECITA;OAX
21/08/2022;08:31:05 p. m.;3.00;16.18;-97.87;5.00;PINOTEPA NACIONAL;OAX
21/08/2022;08:45:57 p. m.;3.50;16.61;-98.87;3.00;OMETEPEC;GRO
21/08/2022;09:33:57 p. m.;3.40;19.41;-103.63;29.00;VILLA DE ALVAREZ;COL
21/08/2022;10:05:30 p. m.;3.30;19.34;-104.31;48.00;CIHUATLAN;JAL
21/08/2022;10:27:51 p. m.;3.70;18.11;-102.56;15.00;LA MIRA;MICH
21/08/2022;10:33:24 p. m.;3.50;27.57;-111.56;10.00;SANTA ROSALIA;BCS
21/08/2022;11:05:07 p. m.;3.40;17.28;-99.97;14.00;COYUCA DE BENITEZ;GRO
21/08/2022;11:11:23 p. m.;3.20;31.20;-115.32;12.00;SAN FELIPE;BC
21/08/2022;11:18:59 p. m.;3.60;31.49;-114.46;7.00;SAN FELIPE;BC
21/08/2022;11:24:28 p. m.;3.70;16.13;-95.50;15.00;SALINA CRUZ;OAX
21/08/2022;11:25:51 p. m.;3.70;16.83;-100.05;3.00;ACAPULCO;GRO
22/08/2022;12:08:35 a. m.;3.50;27.43;-111.35;16.00;H GUAYMAS;SON
22/08/2022;12:37:34 a. m.;3.40;30.72;-114.29;7.00;SAN FELIPE;BC
22/08/2022;01:04:32 a. m.;3.70;14.66;-92.68;64.00;TAPACHULA;CHIS
22/08/2022;01:06:21 a. m.;3.80;15.28;-94.67;17.00;SALINA CRUZ;OAX
22/08/2022;01:38:38 a. m.;3.30;19.48;-103.79;17.00;VILLA DE ALVAREZ;COL
22/08/2022;01:44:29 a. m.;3.30;17.13;-100.56;5.00;TECPAN;GRO
22/08/2022;02:27:05 a. m.;3.60;18.07;-98.53;48.00;CHIAUTLA DE TAPIA;PUE
22/08/2022;03:28:07 a. m.;3.30;15.61;-96.38;17.00;S PEDRO POCHUTLA;OAX
22/08/2022;03:39:26 a. m.;3.50;18.61;-96.75;81.00;CUITLAHUAC;VER
22/08/2022;04:05:04 a. m.;3.30;17.06;-99.92;4.00;COYUCA DE BENITEZ;GRO
22/08/2022;04:21:43 a. m.;3.30;16.01;-97.17;26.00;PUERTO ESCONDIDO;OAX
22/08/2022;05:05:23 a. m.;3.40;16.98;-99.17;10.00;SAN MARCOS;GRO
22/08/2022;06:08:27 a. m.;3.70;20.47;-105.13;54.00;PUERTO VALLARTA;JAL
22/08/2022;06:26:36 a. m.;3.80;16.21;-98.07;8.00;PINOTEPA NACIONAL;OAX
22/08/2022;06:43:56 a. m.;3.80;16.00;-95.00;29.00;SALINA CRUZ;OAX
22/08/2022;07:34:43 a. m.;4.70;16.86;-94.97;116.00;MATIAS ROMERO;OAX
22/08/2022;09:14:33 a. m.;3.30;16.56;-98.46;5.00;OMETEPEC;GRO
22/08/2022;09:22:03 a. m.;3.50;18.07;-103.32;8.00;COALCOMAN;MICH
22/08/2022;09:40:00 a. m.;3.20;16.24;-98.07;10.00;PINOTEPA NACIONAL;OAX
22/08/2022;09:42:29 a. m.;3.40;31.47;-115.65;21.00;VICENTE GUERRERO;BC
22/08/2022;09:44:16 a. m.;3.30;31.48;-115.63;20.00;VICENTE GUERRERO;BC
22/08/2022;09:57:33 a. m.;3.50;18.10;-103.30;7.00;COALCOMAN;MICH
22/08/2022;10:03:38 a. m.;3.10;16.25;-98.10;10.00;PINOTEPA NACIONAL;OAX
22/08/2022;10:08:36 a. m.;3.60;16.36;-98.84;16.00;OMETEPEC;GRO
22/08/2022;11:01:10 a. m.;3.30;16.59;-98.42;33.00;OMETEPEC;GRO
22/08/2022;11:21:14 a. m.;3.20;16.29;-97.78;2.00;PINOTEPA NACIONAL;OAX
22/08/2022;11:37:04 a. m.;3.40;19.23;-105.11;5.00;CIHUATLAN;JAL
22/08/2022;12:11:55 p. m.;3.20;19.26;-104.01;31.00;COQUIMATLAN;COL
22/08/2022;12:51:06 p. m.;3.20;31.48;-115.64;19.00;VICENTE GUERRERO;BC
22/08/2022;01:24:13 p. m.;3.60;14.98;-93.31;13.00;MAPASTEPEC;CHIS
22/08/2022;01:38:02 p. m.;3.70;17.91;-98.15;58.00;ACATLAN DE OSORIO;PUE
22/08/2022;01:44:18 p. m.;3.90;14.43;-93.08;10.00;HUIXTLA;CHIS
22/08/2022;01:48:17 p. m.;3.40;16.72;-100.10;35.00;ACAPULCO;GRO
22/08/2022;02:03:51 p. m.;3.10;18.88;-103.31;3.00;COALCOMAN;MICH
22/08/2022;02:47:37 p. m.;4.10;13.61;-92.67;15.00;CD HIDALGO;CHIS
22/08/2022;03:00:06 p. m.;3.60;16.13;-95.49;12.00;SALINA CRUZ;OAX
22/08/2022;03:54:17 p. m.;3.50;17.03;-94.66;129.00;MATIAS ROMERO;OAX
22/08/2022;05:27:31 p. m.;3.40;16.03;-97.62;42.00;RIO GRANDE;OAX
22/08/2022;05:52:00 p. m.;3.90;15.40;-94.57;24.00;SALINA CRUZ;OAX
22/08/2022;06:15:45 p. m.;3.40;16.53;-98.12;30.00;PINOTEPA NACIONAL;OAX
22/08/2022;06:19:08 p. m.;3.10;16.06;-97.87;5.00;PINOTEPA NACIONAL;OAX
22/08/2022;06:37:32 p. m.;3.60;16.73;-99.50;2.00;SAN MARCOS;GRO
22/08/2022;07:05:22 p. m.;4.00;13.65;-92.04;10.00;CD HIDALGO;CHIS
22/08/2022;07:10:16 p. m.;3.30;16.31;-98.26;4.00;PINOTEPA NACIONAL;OAX
22/08/2022;07:11:02 p. m.;3.70;15.94;-93.54;108.00;TONALA;CHIS
22/08/2022;08:58:45 p. m.;4.40;17.90;-101.57;48.00;ZIHUATANEJO;GRO
22/08/2022;09:02:15 p. m.;3.60;19.20;-104.06;40.00;COQUIMATLAN;COL
22/08/2022;09:10:07 p. m.;3.50;14.98;-92.93;74.00;MAPASTEPEC;CHIS
22/08/2022;09:12:27 p. m.;3.20;15.96;-98.08;28.00;PINOTEPA NACIONAL;OAX
22/08/2022;09:18:15 p. m.;3.20;19.24;-102.91;3.00;TEPALCATEPEC;MICH
22/08/2022;09:52:47 p. m.;3.30;31.53;-115.63;22.00;RODOLFO SANCHEZ T(MRO);BC
22/08/2022;10:26:48 p. m.;3.50;16.85;-100.05;6.00;ACAPULCO;GRO
22/08/2022;10:42:05 p. m.;3.60;15.17;-94.59;18.00;SALINA CRUZ;OAX
22/08/2022;11:02:58 p. m.;3.10;31.17;-115.98;7.00;VICENTE GUERRERO;BC
22/08/2022;11:28:39 p. m.;3.80;17.96;-101.60;37.00;ZIHUATANEJO;GRO
23/08/2022;12:17:58 a. m.;3.50;18.88;-106.28;5.00;CIHUATLAN;JAL
23/08/2022;12:28:54 a. m.;3.30;16.13;-97.59;15.00;RIO GRANDE;OAX
23/08/2022;12:52:56 a. m.;3.50;18.82;-106.22;15.00;CIHUATLAN;JAL
23/08/2022;01:01:41 a. m.;3.50;19.07;-99.02;10.00;MILPA ALTA;CDMX
23/08/2022;01:07:57 a. m.;3.80;17.09;-94.86;53.00;MATIAS ROMERO;OAX
23/08/2022;02:01:05 a. m.;3.20;17.70;-95.99;87.00;TUXTEPEC;OAX
23/08/2022;02:03:13 a. m.;3.50;17.65;-94.77;110.00;SAYULA DE ALEMAN;VER
23/08/2022;02:30:12 a. m.;3.10;16.00;-97.20;17.00;PUERTO ESCONDIDO;OAX
23/08/2022;02:32:26 a. m.;3.40;18.44;-103.23;48.00;COALCOMAN;MICH
23/08/2022;02:50:29 a. m.;3.50;17.38;-94.25;96.00;LAS CHOAPAS;VER
23/08/2022;03:09:25 a. m.;3.30;17.62;-95.58;46.00;J RODRIGUEZ CLARA;VER
23/08/2022;03:11:19 a. m.;3.70;16.09;-93.84;71.00;TONALA;CHIS
23/08/2022;03:37:52 a. m.;3.30;16.04;-98.48;10.00;PINOTEPA NACIONAL;OAX
23/08/2022;03:55:16 a. m.;3.50;15.75;-96.95;25.00;PUERTO ESCONDIDO;OAX
23/08/2022;04:51:28 a. m.;3.50;19.37;-103.43;54.00;TECALITLAN;JAL
23/08/2022;05:03:42 a. m.;3.20;18.76;-103.44;5.00;COALCOMAN;MICH
23/08/2022;05:15:17 a. m.;3.60;16.65;-95.85;5.00;TEHUANTEPEC;OAX
23/08/2022;05:43:45 a. m.;3.80;16.94;-100.02;22.00;COYUCA DE BENITEZ;GRO
23/08/2022;05:49:27 a. m.;3.20;16.19;-97.59;12.00;RIO GRANDE;OAX
23/08/2022;05:52:29 a. m.;3.40;16.74;-98.47;9.00;OMETEPEC;GRO
23/08/2022;05:52:30 a. m.;3.50;16.72;-98.46;7.00;OMETEPEC;GRO
23/08/2022;05:59:32 a. m.;3.40;15.80;-94.34;16.00;ARRIAGA ;CHIS
23/08/2022;06:40:38 a. m.;3.50;31.56;-115.60;18.00;GPE VICTORIA(KM.43);BC
23/08/2022;06:55:52 a. m.;3.50;19.31;-104.06;10.00;COQUIMATLAN;COL
23/08/2022;06:59:40 a. m.;3.80;16.65;-94.79;101.00;UNION HIDALGO;OAX
23/08/2022;07:32:41 a. m.;4.00;14.99;-94.52;16.00;TONALA;CHIS
23/08/2022;07:43:26 a. m.;3.10;31.10;-115.41;15.00;SAN FELIPE;BC
23/08/2022;08:00:18 a. m.;3.50;19.40;-105.42;5.00;CIHUATLAN;JAL
23/08/2022;08:02:01 a. m.;3.50;19.40;-105.42;5.00;CIHUATLAN;JAL
23/08/2022;08:18:20 a. m.;3.40;15.93;-96.84;6.00;PUERTO ESCONDIDO;OAX
23/08/2022;08:52:52 a. m.;3.60;16.61;-98.97;36.00;SAN MARCOS;GRO
23/08/2022;09:08:06 a. m.;3.30;17.13;-99.98;29.00;COYUCA DE BENITEZ;GRO
23/08/2022;09:10:13 a. m.;3.30;31.43;-115.54;5.00;SAN FELIPE;BC
23/08/2022;09:28:22 a. m.;3.90;13.79;-93.00;10.00;CD HIDALGO;CHIS
23/08/2022;09:37:38 a. m.;3.20;17.09;-100.14;35.00;COYUCA DE BENITEZ;GRO
23/08/2022;10:04:43 a. m.;3.70;30.54;-114.11;10.00;SAN FELIPE;BC
23/08/2022;10:13:52 a. m.;4.20;17.74;-99.44;54.00;ZUMPANGO DEL RIO;GRO
23/08/2022;10:21:36 a. m.;2.90;16.94;-99.72;37.00;ACAPULCO;GRO
23/08/2022;10:24:26 a. m.;3.60;18.48;-105.68;10.00;CIHUATLAN;JAL
23/08/2022;11:00:11 a. m.;3.40;19.54;-103.72;13.00;VILLA DE ALVAREZ;COL
23/08/2022;11:04:32 a. m.;3.50;17.00;-100.46;12.00;ATOYAC DE ALVAREZ;GRO
23/08/2022;11:09:27 a. m.;3.70;19.41;-105.42;5.00;CIHUATLAN;JAL
23/08/2022;12:00:32 p. m.;3.70;19.41;-105.42;4.00;CIHUATLAN;JAL
23/08/2022;12:18:41 p. m.;3.40;19.39;-105.57;17.00;CIHUATLAN;JAL
23/08/2022;12:22:44 p. m.;3.20;16.48;-98.46;15.00;OMETEPEC;GRO
23/08/2022;12:27:35 p. m.;3.70;15.86;-97.03;7.00;PUERTO ESCONDIDO;OAX
23/08/2022;12:31:20 p. m.;3.40;19.83;-104.02;32.00;EL GRULLO;JAL
23/08/2022;12:49:01 p. m.;3.40;31.42;-115.50;4.00;SAN FELIPE;BC
23/08/2022;02:07:00 p. m.;3.90;14.19;-91.75;65.00;CD HIDALGO;CHIS
23/08/2022;02:12:45 p. m.;2.90;14.84;-93.19;43.00;MAPASTEPEC;CHIS
23/08/2022;02:42:11 p. m.;3.00;16.28;-98.30;6.00;PINOTEPA NACIONAL;OAX
23/08/2022;03:28:38 p. m.;3.80;16.44;-94.87;16.00;UNION HIDALGO;OAX
23/08/2022;04:16:15 p. m.;3.20;14.01;-91.56;85.00;CD HIDALGO;CHIS
23/08/2022;04:21:25 p. m.;3.30;16.26;-98.08;14.00;PINOTEPA NACIONAL;OAX
23/08/2022;04:34:50 p. m.;3.90;15.67;-95.32;16.00;SALINA CRUZ;OAX
23/08/2022;05:03:51 p. m.;3.90;15.16;-94.28;16.00;TONALA;CHIS
23/08/2022;05:10:50 p. m.;3.50;19.43;-104.10;5.00;COQUIMATLAN;COL
23/08/2022;05:58:08 p. m.;2.90;31.54;-115.62;14.00;RODOLFO SANCHEZ T(MRO);BC
23/08/2022;06:19:56 p. m.;3.40;16.87;-94.80;117.00;MATIAS ROMERO;OAX
23/08/2022;08:26:53 p. m.;4.70;16.73;-99.76;10.00;ACAPULCO;GRO
23/08/2022;08:43:58 p. m.;3.40;17.34;-96.58;74.00;STA LUCIA DEL CAMINO;OAX
23/08/2022;09:19:47 p. m.;3.50;16.75;-99.79;11.00;ACAPULCO;GRO
23/08/2022;09:38:23 p. m.;2.80;18.26;-98.56;38.00;CHIAUTLA DE TAPIA;PUE
23/08/2022;09:59:29 p. m.;3.90;16.74;-94.09;133.00;CINTALAPA;CHIS
23/08/2022;11:06:08 p. m.;3.90;16.26;-95.56;8.00;TEHUANTEPEC;OAX
23/08/2022;11:23:21 p. m.;3.40;19.77;-104.12;4.00;EL GRULLO;JAL
24/08/2022;12:05:28 a. m.;3.20;19.37;-104.48;69.00;CIHUATLAN;JAL
24/08/2022;12:08:56 a. m.;3.30;19.35;-104.44;11.00;CIHUATLAN;JAL
24/08/2022;12:33:45 a. m.;3.80;16.29;-98.28;9.00;PINOTEPA NACIONAL;OAX
24/08/2022;12:52:41 a. m.;3.80;17.57;-103.34;10.00;LA MIRA;MICH
24/08/2022;01:13:39 a. m.;3.30;31.24;-115.38;11.00;SAN FELIPE;BC
24/08/2022;01:54:46 a. m.;3.60;18.23;-104.63;10.00;MANZANILLO;COL
24/08/2022;01:59:31 a. m.;3.60;18.23;-104.63;10.00;MANZANILLO;COL
24/08/2022;02:05:16 a. m.;4.20;14.34;-94.41;10.00;PIJIJIAPAN;CHIS
24/08/2022;02:15:18 a. m.;3.10;16.95;-99.81;5.00;ACAPULCO;GRO
24/08/2022;02:19:26 a. m.;4.10;17.70;-94.62;172.00;JALTIPAN DE MORELOS;VER
24/08/2022;03:09:43 a. m.;3.50;16.24;-98.05;8.00;PINOTEPA NACIONAL;OAX
24/08/2022;03:24:13 a. m.;4.00;17.03;-94.88;130.00;MATIAS ROMERO;OAX
24/08/2022;03:30:04 a. m.;3.50;19.14;-105.57;11.00;CIHUATLAN;JAL
24/08/2022;04:29:18 a. m.;3.30;16.02;-97.63;16.00;RIO GRANDE;OAX
24/08/2022;04:38:10 a. m.;3.30;18.89;-98.97;5.00;CUAUTLA;MOR
24/08/2022;04:42:12 a. m.;3.40;19.56;-104.33;28.00;CASIMIRO CASTILLO;JAL
24/08/2022;04:51:42 a. m.;3.40;19.87;-104.41;55.00;AUTLAN DE NAVARRO;JAL
24/08/2022;05:10:18 a. m.;3.90;15.84;-95.92;53.00;CRUCECITA;OAX
24/08/2022;05:17:41 a. m.;3.10;19.23;-104.41;31.00;CIHUATLAN;JAL
24/08/2022;05:26:18 a. m.;3.80;16.91;-99.75;27.00;ACAPULCO;GRO
24/08/2022;05:42:43 a. m.;3.40;19.37;-104.01;31.00;COQUIMATLAN;COL
24/08/2022;06:00:09 a. m.;3.90;14.74;-93.67;16.00;MAPASTEPEC;CHIS
24/08/2022;06:05:40 a. m.;3.30;19.60;-104.29;49.00;CASIMIRO CASTILLO;JAL
24/08/2022;06:30:16 a. m.;3.90;14.08;-92.13;22.00;CD HIDALGO;CHIS
24/08/2022;06:39:25 a. m.;3.30;31.53;-115.61;19.00;SAN FELIPE;BC
24/08/2022;06:47:05 a. m.;3.80;18.50;-101.49;85.00;HUETAMO;MICH
24/08/2022;07:03:36 a. m.;3.40;19.32;-104.13;74.00;COQUIMATLAN;COL
24/08/2022;07:16:15 a. m.;3.30;16.97;-99.87;5.00;ACAPULCO;GRO
24/08/2022;07:28:37 a. m.;2.30;18.92;-98.54;4.00;ATLIXCO;PUE
24/08/2022;07:33:36 a. m.;4.50;15.22;-94.83;17.00;SALINA CRUZ;OAX
24/08/2022;07:40:04 a. m.;3.70;16.14;-99.22;5.00;SAN MARCOS;GRO
24/08/2022;08:55:01 a. m.;3.00;16.28;-97.96;32.00;PINOTEPA NACIONAL;OAX
24/08/2022;09:04:47 a. m.;2.50;16.83;-99.42;15.00;SAN MARCOS;GRO
24/08/2022;09:31:18 a. m.;3.70;19.27;-102.73;4.00;TEPALCATEPEC;MICH
24/08/2022;09:31:48 a. m.;3.50;25.52;-100.81;5.00;RAMOS ARIZPE;COAH
24/08/2022;09:34:47 a. m.;3.90;17.41;-95.37;115.00;J RODRIGUEZ CLARA;VER
24/08/2022;09:42:23 a. m.;3.00;16.85;-99.75;36.00;ACAPULCO;GRO
24/08/2022;10:13:09 a. m.;3.10;16.31;-97.89;3.00;PINOTEPA NACIONAL;OAX
24/08/2022;10:14:35 a. m.;3.40;15.94;-96.44;60.00;S PEDRO POCHUTLA;OAX
24/08/2022;10:21:26 a. m.;2.70;16.60;-99.20;14.00;SAN MARCOS;GRO
24/08/2022;10:46:08 a. m.;3.60;18.61;-101.40;76.00;HUETAMO;MICH
24/08/2022;10:56:17 a. m.;3.20;19.17;-104.84;6.00;CIHUATLAN;JAL
24/08/2022;11:18:52 a. m.;4.30;18.26;-93.12;5.00;JALPA DE MENDEZ;TAB
24/08/2022;12:13:43 p. m.;3.10;16.24;-97.99;5.00;PINOTEPA NACIONAL;OAX
24/08/2022;12:47:20 p. m.;3.30;16.11;-97.00;29.00;PUERTO ESCONDIDO;OAX
24/08/2022;01:13:19 p. m.;3.60;20.17;-97.46;100.00;PAPANTLA;VER
24/08/2022;01:15:04 p. m.;3.30;16.19;-98.09;8.00;PINOTEPA NACIONAL;OAX
24/08/2022;01:18:57 p. m.;3.10;16.28;-98.02;5.00;PINOTEPA NACIONAL;OAX
24/08/2022;01:41:44 p. m.;3.20;16.24;-98.02;14.00;PINOTEPA NACIONAL;OAX
24/08/2022;01:50:09 p. m.;4.20;16.46;-95.28;82.00;TEHUANTEPEC;OAX
24/08/2022;02:12:04 p. m.;3.10;16.22;-98.08;10.00;PINOTEPA NACIONAL;OAX
24/08/2022;02:39:53 p. m.;3.40;16.08;-97.14;27.00;PUERTO ESCONDIDO;OAX
24/08/2022;03:29:38 p. m.;3.60;16.29;-97.99;2.00;PINOTEPA NACIONAL;OAX
24/08/2022;04:03:21 p. m.;3.30;19.52;-103.95;31.00;VILLA DE ALVAREZ;COL
24/08/2022;04:52:50 p. m.;3.80;16.00;-95.01;27.00;SALINA CRUZ;OAX
24/08/2022;05:32:36 p. m.;3.40;19.18;-104.77;35.00;CIHUATLAN;JAL
24/08/2022;06:04:23 p. m.;3.30;16.77;-99.68;26.00;ACAPULCO;GRO
24/08/2022;06:08:18 p. m.;3.90;14.81;-93.77;16.00;PIJIJIAPAN;CHIS
24/08/2022;07:25:38 p. m.;3.30;16.37;-98.33;11.00;PINOTEPA NACIONAL;OAX
24/08/2022;07:28:31 p. m.;3.30;16.29;-98.11;13.00;PINOTEPA NACIONAL;OAX
24/08/2022;08:39:33 p. m.;3.80;16.10;-94.98;17.00;SALINA CRUZ;OAX
24/08/2022;09:26:28 p. m.;3.70;16.33;-95.50;73.00;TEHUANTEPEC;OAX
24/08/2022;10:02:21 p. m.;3.70;15.83;-95.04;15.00;SALINA CRUZ;OAX
24/08/2022;10:07:01 p. m.;3.30;16.29;-98.30;7.00;PINOTEPA NACIONAL;OAX
24/08/2022;10:10:38 p. m.;3.20;17.07;-99.97;42.00;COYUCA DE BENITEZ;GRO
24/08/2022;10:28:19 p. m.;3.70;15.92;-94.90;16.00;SALINA CRUZ;OAX
24/08/2022;11:10:41 p. m.;3.40;16.35;-97.87;6.00;PINOTEPA NACIONAL;OAX
24/08/2022;11:12:03 p. m.;3.30;16.34;-97.87;5.00;PINOTEPA NACIONAL;OAX
24/08/2022;11:14:31 p. m.;3.40;19.45;-105.39;2.00;CIHUATLAN;JAL
24/08/2022;11:15:24 p. m.;3.60;15.64;-93.58;4.00;PIJIJIAPAN;CHIS
24/08/2022;11:20:10 p. m.;3.40;19.44;-105.36;4.00;CIHUATLAN;JAL
24/08/2022;11:21:34 p. m.;3.20;19.45;-105.36;3.00;CIHUATLAN;JAL
24/08/2022;11:23:28 p. m.;3.30;19.45;-105.36;4.00;CIHUATLAN;JAL
24/08/2022;11:30:58 p. m.;3.70;18.46;-105.59;10.00;CIHUATLAN;JAL
24/08/2022;11:35:08 p. m.;3.80;21.33;-106.86;10.00;V HIDALGO(EL NUEVO);NAY
24/08/2022;11:46:09 p. m.;3.50;27.41;-111.43;20.00;H GUAYMAS;SON
24/08/2022;11:47:06 p. m.;3.30;31.85;-115.77;20.00;RODOLFO SANCHEZ T(MRO);BC
24/08/2022;11:59:13 p. m.;3.40;19.46;-105.36;4.00;CIHUATLAN;JAL
25/08/2022;12:07:18 a. m.;3.60;19.48;-105.37;1.00;CIHUATLAN;JAL
25/08/2022;12:14:31 a. m.;3.10;16.13;-97.17;34.00;RIO GRANDE;OAX
25/08/2022;12:15:19 a. m.;3.20;16.13;-97.16;34.00;PUERTO ESCONDIDO;OAX
25/08/2022;01:03:15 a. m.;3.20;16.30;-97.87;7.00;PINOTEPA NACIONAL;OAX
25/08/2022;01:06:08 a. m.;3.20;15.54;-97.88;17.00;RIO GRANDE;OAX
25/08/2022;01:21:23 a. m.;3.60;15.72;-93.82;79.00;TONALA;CHIS
25/08/2022;01:23:36 a. m.;3.50;15.09;-96.05;27.00;CRUCECITA;OAX
25/08/2022;01:33:44 a. m.;3.50;17.11;-95.53;102.00;MATIAS ROMERO;OAX
25/08/2022;02:23:01 a. m.;4.10;16.57;-100.46;17.00;COYUCA DE BENITEZ;GRO
25/08/2022;02:27:51 a. m.;3.50;17.33;-94.57;133.00;MATIAS ROMERO;OAX
25/08/2022;02:29:12 a. m.;3.90;16.20;-98.09;6.00;PINOTEPA NACIONAL;OAX
25/08/2022;02:45:33 a. m.;3.90;13.74;-93.46;23.00;CD HIDALGO;CHIS
25/08/2022;02:51:51 a. m.;3.60;15.27;-95.93;17.00;CRUCECITA;OAX
25/08/2022;03:01:43 a. m.;3.60;19.11;-104.51;41.00;CIHUATLAN;JAL
25/08/2022;03:08:57 a. m.;3.90;19.45;-108.24;20.00;PUERTO VALLARTA;JAL
25/08/2022;03:53:41 a. m.;3.90;27.33;-111.28;20.00;H GUAYMAS;SON
25/08/2022;03:57:18 a. m.;3.50;19.07;-105.17;5.00;CIHUATLAN;JAL
25/08/2022;04:15:09 a. m.;3.50;28.01;-112.24;11.00;SANTA ROSALIA;BCS
25/08/2022;04:19:31 a. m.;4.00;16.57;-100.40;3.00;COYUCA DE BENITEZ;GRO
25/08/2022;04:34:04 a. m.;3.20;19.34;-103.96;34.00;COQUIMATLAN;COL
25/08/2022;04:34:08 a. m.;3.30;32.44;-115.09;12.00;GPE VICTORIA(KM.43);BC
25/08/2022;04:45:45 a. m.;3.50;15.83;-95.07;16.00;SALINA CRUZ;OAX
25/08/2022;04:53:42 a. m.;3.90;15.43;-94.83;35.00;SALINA CRUZ;OAX
25/08/2022;04:59:18 a. m.;3.10;16.07;-97.51;29.00;RIO GRANDE;OAX
25/08/2022;05:45:11 a. m.;4.00;16.59;-100.38;3.00;COYUCA DE BENITEZ;GRO
25/08/2022;07:14:42 a. m.;3.90;18.84;-106.28;10.00;CIHUATLAN;JAL
25/08/2022;07:25:15 a. m.;3.50;18.40;-105.58;10.00;CIHUATLAN;JAL
25/08/2022;08:12:46 a. m.;3.70;19.47;-105.38;5.00;CIHUATLAN;JAL
25/08/2022;08:13:52 a. m.;3.70;32.11;-116.83;17.00;PLAYAS DE ROSARITO;BC
25/08/2022;08:32:12 a. m.;3.10;16.07;-97.67;13.00;RIO GRANDE;OAX
25/08/2022;08:53:04 a. m.;3.60;18.38;-105.58;16.00;CIHUATLAN;JAL
25/08/2022;08:53:38 a. m.;3.70;27.89;-111.99;30.00;SANTA ROSALIA;BCS
25/08/2022;09:02:51 a. m.;3.50;16.10;-97.50;31.00;RIO GRANDE;OAX
25/08/2022;09:15:58 a. m.;3.80;25.26;-106.79;5.00;CULIACAN;SIN
25/08/2022;09:52:40 a. m.;3.20;16.44;-98.47;27.00;OMETEPEC;GRO
25/08/2022;11:09:58 a. m.;3.70;27.54;-111.55;10.00;SANTA ROSALIA;BCS
25/08/2022;11:29:28 a. m.;3.50;15.79;-97.69;16.00;RIO GRANDE;OAX
25/08/2022;11:40:13 a. m.;3.30;16.34;-98.16;15.00;PINOTEPA NACIONAL;OAX
25/08/2022;12:19:09 p. m.;4.30;28.70;-104.55;5.00;MANUEL OJINAGA;CHIH
25/08/2022;12:37:24 p. m.;3.40;16.15;-97.57;17.00;RIO GRANDE;OAX
25/08/2022;02:49:10 p. m.;3.30;16.09;-98.36;4.00;PINOTEPA NACIONAL;OAX
25/08/2022;02:50:55 p. m.;3.10;16.53;-99.26;8.00;SAN MARCOS;GRO
25/08/2022;03:00:13 p. m.;3.20;17.68;-100.53;35.00;TECPAN;GRO
25/08/2022;04:28:16 p. m.;4.10;17.23;-99.92;31.00;COYUCA DE BENITEZ;GRO
25/08/2022;04:50:41 p. m.;3.70;30.54;-111.01;14.00;MAGDALENA DE KINO;SON
25/08/2022;05:24:07 p. m.;3.40;19.68;-103.90;9.00;EL GRULLO;JAL
25/08/2022;05:26:52 p. m.;3.50;16.23;-97.49;22.00;RIO GRANDE;OAX
25/08/2022;05:34:41 p. m.;3.60;16.14;-95.53;18.00;SALINA CRUZ;OAX
25/08/2022;06:07:39 p. m.;2.90;15.96;-97.50;16.00;RIO GRANDE;OAX
25/08/2022;06:13:44 p. m.;3.40;30.30;-109.48;2.00;NACOZARI DE GARCIA;SON
25/08/2022;06:35:32 p. m.;3.50;18.18;-102.01;30.00;LAS GUACAMAYAS;MICH
25/08/2022;08:52:01 p. m.;3.20;17.08;-100.11;46.00;COYUCA DE BENITEZ;GRO
25/08/2022;11:11:30 p. m.;3.90;16.71;-93.82;142.00;CINTALAPA;CHIS
26/08/2022;12:33:58 a. m.;3.40;16.79;-100.17;8.00;COYUCA DE BENITEZ;GRO
26/08/2022;12:51:32 a. m.;3.50;19.69;-105.47;4.00;PUERTO VALLARTA;JAL
26/08/2022;12:59:55 a. m.;3.70;15.43;-96.84;11.00;S PEDRO POCHUTLA;OAX
26/08/2022;01:11:12 a. m.;3.80;16.61;-100.45;5.00;COYUCA DE BENITEZ;GRO
26/08/2022;02:21:08 a. m.;3.50;16.13;-97.70;13.00;RIO GRANDE;OAX
26/08/2022;02:22:12 a. m.;3.70;16.60;-100.47;10.00;COYUCA DE BENITEZ;GRO
26/08/2022;03:16:14 a. m.;3.00;19.22;-104.96;2.00;CIHUATLAN;JAL
26/08/2022;03:40:21 a. m.;3.40;17.09;-99.92;5.00;COYUCA DE BENITEZ;GRO
26/08/2022;04:09:41 a. m.;4.10;16.64;-100.45;10.00;COYUCA DE BENITEZ;GRO
26/08/2022;04:14:25 a. m.;4.40;17.21;-101.45;17.00;PETATLAN;GRO
26/08/2022;05:11:55 a. m.;3.80;16.75;-99.75;15.00;ACAPULCO;GRO
26/08/2022;06:23:46 a. m.;1.40;22.72;-102.59;2.00;ZACATECAS;ZAC
26/08/2022;06:29:26 a. m.;3.50;15.98;-98.82;16.00;OMETEPEC;GRO
26/08/2022;07:06:43 a. m.;2.90;19.08;-104.56;39.00;CIHUATLAN;JAL
26/08/2022;07:15:52 a. m.;3.10;16.56;-99.62;6.00;SAN MARCOS;GRO
26/08/2022;08:30:28 a. m.;3.40;18.20;-103.39;13.00;COALCOMAN;MICH
26/08/2022;09:06:38 a. m.;3.60;16.21;-97.85;11.00;PINOTEPA NACIONAL;OAX
26/08/2022;10:48:00 a. m.;3.50;17.65;-94.94;133.00;SAYULA DE ALEMAN;VER
26/08/2022;11:14:48 a. m.;3.20;16.81;-98.23;10.00;OMETEPEC;GRO
26/08/2022;11:46:19 a. m.;2.60;16.97;-99.63;31.00;ACAPULCO;GRO
26/08/2022;12:10:18 p. m.;3.70;16.22;-98.04;4.00;PINOTEPA NACIONAL;OAX
26/08/2022;02:13:48 p. m.;3.50;19.10;-105.28;5.00;CIHUATLAN;JAL
26/08/2022;02:36:50 p. m.;3.70;16.13;-96.94;5.00;PUERTO ESCONDIDO;OAX
26/08/2022;03:29:18 p. m.;4.10;30.88;-114.48;7.00;SAN FELIPE;BC
26/08/2022;03:57:42 p. m.;3.40;16.49;-98.54;16.00;OMETEPEC;GRO
26/08/2022;04:05:39 p. m.;3.00;19.11;-103.98;34.00;CD DE ARMERIA;COL
26/08/2022;04:56:07 p. m.;4.00;15.13;-95.06;30.00;SALINA CRUZ;OAX
26/08/2022;06:09:22 p. m.;1.80;22.80;-102.59;2.00;ZACATECAS;ZAC
26/08/2022;06:35:41 p. m.;3.20;16.09;-97.60;15.00;RIO GRANDE;OAX
26/08/2022;06:35:41 p. m.;3.50;16.09;-97.59;16.00;RIO GRANDE;OAX
26/08/2022;07:18:20 p. m.;3.20;16.07;-97.53;16.00;RIO GRANDE;OAX
26/08/2022;09:31:13 p. m.;3.80;30.68;-115.94;24.00;VICENTE GUERRERO;BC
26/08/2022;09:37:32 p. m.;2.30;20.24;-99.23;5.00;MIXQUIAHUALA;HGO
26/08/2022;09:47:23 p. m.;2.70;22.80;-102.59;2.00;ZACATECAS;ZAC
26/08/2022;09:50:05 p. m.;3.50;19.91;-104.39;49.00;AUTLAN DE NAVARRO;JAL
26/08/2022;09:55:12 p. m.;3.80;17.99;-100.49;52.00;ARCELIA;GRO
26/08/2022;10:06:32 p. m.;3.30;16.19;-98.05;2.00;PINOTEPA NACIONAL;OAX
26/08/2022;10:47:04 p. m.;3.50;19.48;-105.34;5.00;CIHUATLAN;JAL
26/08/2022;11:35:06 p. m.;1.90;22.80;-102.60;2.00;ZACATECAS;ZAC
